Peptide	Epitope_ID	Alignment_score
AAAWYLWEV	39591	25.0
AAAWYLWEV	1074889	28.0
AAAWYLWEV	183819	34.0
AAAWYLWEV	423020	25.0
AAAWYLWEV	36717	27.0
AAAWYLWEV	74386	25.0
AAAWYLWEV	74387	25.0
AAAWYLWEV	98042	24.0
AAISDYDYY	1314137	49.0
AAISDYDYY	1075039	26.0
ADAGFIKQY	549252	29.0
AEAELAKNV	1074839	32.0
AEIRASANL	1323750	27.0
AEIRASANL	1074838	40.0
AELAKNVSL	1074839	40.0
AETQNSSFI	44214	23.0
AEVQIDRLI	1075088	41.0
AEVQIDRLI	1314206	37.0
AEWFLAYIL	1311552	49.0
AEWFLAYIL	1074927	23.0
AEWFLAYIL	39591	26.0
AFLLFLVLI	1074999	40.0
AFPFTIYSL	1074996	47.0
AGDSGFAAY	1324427	31.0
AGDSGFAAY	1087314	47.0
AGDSGFAAY	1324090	47.0
AGDSGFAAY	1324091	47.0
AGDSGFAAY	1324092	47.0
AGFSLWVYK	23288	17.0
AGLEAPFLY	1074908	43.0
AGLEAPFLY	1314132	47.0
AGLPYGANK	1321105	39.0
AHFPREGVF	1316854	39.0
AIFLTTLSR	111479	25.0
AIFYLITPV	1328240	31.0
AIFYLITPV	154041	26.0
AIFYLITPV	116289	23.0
AIFYLITPV	539223	23.0
AIILASFSA	1074843	38.0
AIILASFSA	1311557	30.0
AIKLDDKDP	1312709	43.0
AIKRKLRTL	183724	30.0
AILTVVAAT	150753	25.0
AIMTRCLAV	184856	21.0
AISDYDYYR	1314137	50.0
AISDYDYYR	1075039	26.0
AIVREAIKR	180575	40.0
ALALLLLDR	19442	28.0
ALALLLLDR	16979	24.0
ALALLLLDR	1074903	39.0
ALCEALTLA	180387	35.0
ALCEVLTLA	180387	31.0
ALCTFLLNK	141222	23.0
ALCTFLLNK	1074887	26.0
ALDPLSETK	1074866	44.0
ALFSGVSWI	59088	37.0
ALFSGVSWI	55881	33.0
ALFSGVSWI	54797	23.0
ALFSGVSWV	59088	36.0
ALFSGVSWV	55881	33.0
ALFSGVSWV	54797	23.0
ALGGSVAIK	870188	26.0
ALIFILLTA	183577	26.0
ALKYLPIDK	13346	23.0
ALLADKFPV	840888	30.0
ALLADKFPV	140616	26.0
ALLAVFQSA	1074943	26.0
ALNNIINNA	957073	22.0
ALNNIINNA	957084	24.0
ALNTLVKQL	1074854	41.0
ALNTPKDHI	4936	31.0
ALNTPKDHI	1074859	49.0
ALNTPKDHI	26870	25.0
ALNTPKDHI	20415	25.0
ALPETTADI	27365	26.0
ALPETTADI	65001	26.0
ALPETTADI	61741	26.0
ALPETTADI	61745	26.0
ALPETTADI	423063	26.0
ALPETTADI	32605	22.0
ALPVYLMTL	185881	23.0
ALRANSAVK	151001	20.0
ALRGLPIRY	116289	45.0
ALRGLPIRY	13346	41.0
ALRGLPIRY	180647	46.0
ALRGLPIRY	13358	46.0
ALRGLPIRY	24302	30.0
ALRGLPIRY	11125	39.0
ALSGVFCGV	6437	25.0
ALVAFLRFL	1074908	21.0
ALVYFLQSI	1074908	42.0
ALWEIQQFV	1333435	41.0
ALWEIQQFV	42094	22.0
ALWEIQQVV	1333435	46.0
ALWYVWQVK	903398	24.0
ALWYVWQVK	1074889	29.0
ALWYVWQVK	190577	24.0
ALWYVWQVK	190556	24.0
ALWYVWQVK	190589	24.0
ALYYPSARI	952128	21.0
ALYYPSARI	952187	21.0
ALYYPSARI	957038	26.0
AMACLVGLM	1074842	45.0
AMACLVGLM	1315219	32.0
AMDEFIEQY	1332664	26.0
AMDEFIEQY	1075094	26.0
ANRNRFLYI	1074985	43.0
ANRNRFLYI	1323210	47.0
ANRNRFLYI	1310685	43.0
APATVCGPK	17354	20.0
APATVCGPK	3587	22.0
APCKIPFEI	150578	48.0
APCKIPFEI	1192698	23.0
APFLYLYAL	1074908	47.0
APFLYLYAL	1314132	39.0
APGQTGVIA	1075039	39.0
APHGVVFLH	1074891	39.0
APHGVVFLH	1330420	43.0
APHGVVFLH	1324414	39.0
APHGVVFLH	1074847	51.0
APISAMVRM	1311576	28.0
APLLSAGIF	177806	19.0
APLLSAGVF	177806	19.0
APRITFGGL	1309131	31.0
APRITFGGL	1309133	43.0
APRITFGGL	1317715	31.0
APRITFGGL	65748	29.0
APRITFGGL	65749	29.0
APRITFGGP	1309131	31.0
APRITFGGP	1309133	50.0
APRITFGGP	1317715	31.0
APRITFGGP	65748	29.0
APRITFGGP	65749	29.0
APSASAFFG	3810	45.0
APSASAFFG	1311554	33.0
APSASAFFG	1323209	39.0
APSASAFFG	56979	34.0
APSASAFFG	3957	45.0
APSTGSASS	185931	27.0
AQALNTLVK	1074854	41.0
AQFAPSASA	1323209	38.0
AQFAPSASA	1311554	42.0
AQFAPSASA	3957	42.0
AQFAPSASA	3810	27.0
AQMWQLMYF	180579	47.0
AQMWQLMYF	180828	47.0
AQMWQLMYF	39591	28.0
AQMWTLMYF	180579	48.0
AQMWTLMYF	180828	48.0
AQMWTLMYF	39591	28.0
ARAGEAANF	1075129	44.0
ARAGEAANF	957087	26.0
ASAFFGMSR	3810	35.0
ASAFFGMSR	56979	44.0
ASAFFGMSR	3957	44.0
ASANLAATK	1074838	40.0
ASANLAATK	1323750	40.0
ASAWTLYAV	183594	43.0
ASAWTLYAV	62487	20.0
ASFDNFKFV	1075125	25.0
ASGNLLLDK	22818	23.0
ASGNLLLDK	22819	23.0
ASGNLLLDK	22823	22.0
ASGNLLLDK	17802	23.0
ASGNLLLDK	180750	23.0
ASKIITLKK	1324282	40.0
ASMPTTIAK	1321988	35.0
ASMPTTIAK	180670	24.0
ASVYAWNRK	180675	28.0
ASVYAWNRK	150309	28.0
ASVYAWNRK	1597047	17.0
ASVYAWNRK	1323761	45.0
ASVYAWNRK	1327895	38.0
ASVYAWNRK	1576573	28.0
ATGPILTLW	180387	44.0
ATGPISTLW	180387	50.0
ATGPITTLW	180387	47.0
ATGPLTTLW	180387	45.0
ATGPVLTLW	180387	43.0
ATGPVLTLW	422989	23.0
ATGPVLTLW	30815	23.0
ATRFASVYA	1074885	39.0
ATRFASVYA	1323761	34.0
ATRFASVYA	1316109	39.0
ATSRMLSYY	1310529	39.0
ATSRMLSYY	66952	32.0
ATSRMLSYY	1075083	39.0
ATSRMLSYY	1315000	39.0
ATSRMLSYY	1334141	39.0
ATSRMLSYY	5150	39.0
ATSRTLSYY	1310529	45.0
ATSRTLSYY	66952	38.0
ATSRTLSYY	1075083	45.0
ATSRTLSYY	1315000	45.0
ATSRTLSYY	1334141	45.0
ATSRTLSYY	5150	45.0
ATVLMGLGK	150387	30.0
ATVVIGTSK	60330	23.0
ATVVIGTSK	914402	23.0
ATVVIGTSK	60331	23.0
ATYEPDVDL	8064	21.0
ATYEPDVDL	1125227	22.0
ATYEPDVDL	26870	21.0
ATYEPDVDL	1074967	22.0
ATYEPDVDL	1125240	25.0
ATYGWNLVK	102368	23.0
ATYGWNLVK	180675	46.0
ATYGWNLVK	150308	43.0
ATYGWNLVK	150309	40.0
ATYGWNLVK	66567	23.0
ATYGWNLVK	539595	35.0
AVAPSMTMR	150299	28.0
AVASSLLWV	182508	35.0
AVDCALDPL	1074866	34.0
AVDCALDPL	1074962	22.0
AVILRGHLR	1310793	44.0
AVILRGHLR	1312531	44.0
AVKSEHTGR	1332000	22.0
AVKSEHTGR	1324356	22.0
AVLQSGFRK	69714	26.0
AVLQSGFRK	69715	26.0
AYANRNRFL	1074985	47.0
AYANRNRFL	1323210	47.0
AYANRNRFL	1310685	32.0
AYANSVFNI	141323	24.0
AYANSVFNI	146285	18.0
AYILFTRFF	1315120	41.0
AYILFTRFF	1074863	47.0
AYRFNGIGV	59787	19.0
AYSNNSIAI	1074865	43.0
AYTIGTTHF	1075027	23.0
AYTIGTTHF	180588	50.0
AYTIGTTHF	25275	21.0
CAKFQCLEF	957058	26.0
CAKFQCLEF	110394	18.0
CFAYYFMRF	957038	22.0
CIDDNALAY	150649	26.0
CIDDNALAY	7122	45.0
CIDIGNYTV	6432	14.0
CIDIGNYTV	95298	17.0
CIDIGNYTV	6435	15.0
CIDIGNYTV	146246	14.0
CIDIGNYTV	148619	14.0
CIDIGNYTV	4909	15.0
CIDIGNYTV	4910	15.0
CIDIGNYTV	95281	14.0
CIDIGNYTV	558581	15.0
CIDIGNYTV	558582	13.0
CIDIGNYTV	7291	18.0
CIDIGNYTV	7292	14.0
CIDIGNYTV	52509	15.0
CIDIGNYTV	6430	18.0
CIDIGNYTV	6431	15.0
CLAYYFMRF	911865	23.0
CLEASFNYL	1319440	45.0
CLEASFNYL	25677	22.0
CLEASFNYL	1074856	31.0
CLGSLIYST	141407	27.0
CLIPTAMAF	69913	27.0
CLIPTAMAF	71756	27.0
CLIPTAMAF	180662	23.0
CLLNRYFRL	779921	23.0
CLLNRYFRL	6636	22.0
CLMMILPAA	1192692	28.0
CLMMILPAA	180662	26.0
CLMMILPAA	180390	39.0
CLTPVYSFL	143728	22.0
CLTPVYSFL	1074951	24.0
CNDPFLGVY	1074884	55.0
CPACHNSEV	20786	26.0
CPACHNSEV	20787	26.0
CPACYNSEV	20786	28.0
CPACYNSEV	20787	28.0
CRSKNPLLY	7436	19.0
CRSKNPLLY	36621	25.0
CRSKNPLLY	74590	26.0
CTDDNALAY	150649	26.0
CTDDNALAY	7122	51.0
CTGKFKIVK	95262	22.0
CTGSFKLEK	1143883	23.0
CVADYSVLY	1313442	49.0
CSLSHRFYR	98466	24.0
CSLSHRFYR	59459	24.0
DASGKPVPY	423022	22.0
DAVNLLTNM	540017	22.0
DAVRDPQTL	103392	22.0
DAVRDPQTL	540772	22.0
DDKDPNFKD	54501	22.0
DDKDPNFKD	1312709	53.0
DDKDPNFKD	1074856	24.0
DDKDPNFKD	1074959	20.0
DDKDPNFKD	1330491	20.0
DDKDPQFKD	1330491	21.0
DDKDPQFKD	1312709	47.0
DDKDPQFKD	1074959	21.0
DFYDFAVSK	1315325	48.0
DKDPNFKDQ	54501	22.0
DKDPNFKDQ	1312709	52.0
DKDPNFKDQ	1074856	24.0
DKDPNFKDQ	1074959	20.0
DKDPNFKDQ	1330491	20.0
DKDPQFKDN	1330491	21.0
DKDPQFKDN	1312709	41.0
DKDPQFKDN	1074959	21.0
DLDDFSKQL	1330713	46.0
DLFMRIFTI	1074993	45.0
DLKGKYVQI	767135	25.0
DNVILLNKH	1313394	35.0
DPIPYDPKF	872298	23.0
DPIPYDPKF	180789	55.0
DPIPYDPKF	141462	21.0
DPIPYDPKF	873319	23.0
DPNFKDQVI	1312709	49.0
DPNFKDQVI	957095	19.0
DPRRCLKPV	51946	22.0
DPRRCLKPV	51947	22.0
DPRRCLKPV	185200	44.0
DPRRCLKPV	56310	39.0
DPRRCLKPV	69398	26.0
DPRRCLKPV	150556	41.0
DPRRCMKPV	51946	21.0
DPRRCMKPV	51947	21.0
DPRRCMKPV	185200	47.0
DPRRCMKPV	56310	42.0
DPRRCMKPV	150556	39.0
DQVILLNKH	1313394	40.0
DSAEVAVKM	1314205	31.0
DSAEVAVKM	1316087	27.0
DSGFAAYSR	1066501	24.0
DSGFAAYSR	1324427	40.0
DSGFAAYSR	1087314	37.0
DSGFAAYSR	1324090	37.0
DSGFAAYSR	1324091	46.0
DSGFAAYSR	1324092	46.0
DTDFVNEFY	1075008	51.0
DTDFVNEFY	1317128	34.0
DTDFVNEFY	745484	17.0
DTDFVNEFY	17574	27.0
DTFCAGSTF	1311195	25.0
DTSEVHWNY	952164	18.0
DTTPFGQQR	180643	50.0
DTTPFGQQR	993667	22.0
DTTPFGQQR	754814	47.0
DVEAWRDRY	33912	24.0
DVFYKENSY	1318987	50.0
DVFYKENSY	539646	28.0
DVFYKENSY	1075047	50.0
DVLLPLTQY	161186	17.0
DYKHYTPSF	110846	26.0
DYKHYTPSF	28484	26.0
DYKHYTPSF	67503	25.0
DYKHYTPSF	18678	26.0
DYKHYTPSF	36062	26.0
DYMPSMKRF	16836	23.0
DYMPSMKRF	180681	50.0
DYMPSMKRF	180667	37.0
DYMPSMKRF	419017	31.0
DYMTSMKRF	180681	42.0
DYQGKPLEF	1331178	51.0
DYVYNPFMI	1316355	27.0
DYVYNPFMI	1310820	24.0
DYVYNPFMI	1313194	27.0
DYVYNPFMI	1074869	27.0
DYVYNPFMI	1309110	27.0
DYVYNPFMI	1315705	31.0
EARKTFVDL	753448	35.0
EARKTFVDL	19434	33.0
EARKTFVDL	19435	37.0
EARKTFVDL	180724	44.0
EARKTFVDL	39095	40.0
EARKTFVDL	180472	40.0
EARKTFVDL	180471	44.0
EEALKGLPI	116289	35.0
EEALKGLPI	13346	37.0
EEALKGLPI	180647	41.0
EEALKGLPI	13358	41.0
EEALKGLPI	24302	27.0
EEALKGLPI	11125	36.0
EENMDVEIW	1327993	20.0
EENMDVEIW	184316	51.0
EENMDVEIW	539741	21.0
EENMDVEIW	184318	47.0
EENMEVEIW	184316	47.0
EENMEVEIW	184318	50.0
EFFLMVLLI	183162	37.0
EFFLMVLLI	183165	35.0
EGNSPFHPL	73668	53.0
EGNSPFHPL	1087406	36.0
EGNSPFHPL	539204	24.0
EIASLPTYL	185881	44.0
EIDPKLDNY	1331147	50.0
EIDPKLDNY	1325414	50.0
EILPVSMTK	180620	20.0
ELDERIDKV	27000	27.0
ELDERIDKV	1316345	44.0
ELDERIDKV	1316346	44.0
ELDSFKEEL	10112	35.0
ELDSFKEEL	1075085	30.0
ELGKYEQYI	59162	48.0
ELIRQGTDY	1323201	47.0
ELIRQGTDY	1075018	47.0
ELIRQGTDY	181731	27.0
ELKGMSYAM	693587	30.0
ELKGMSYAM	184571	39.0
ELKGMSYAM	184412	40.0
ELLHAPATV	1333520	45.0
ELLHAPATV	146644	23.0
ELLHAPATV	1313517	41.0
ELMMTTIGV	37573	25.0
ELMMTTIGV	150391	37.0
ELPDEFVVV	1074952	26.0
ELPDEFVVV	1331197	29.0
ELPDEFVVV	32069	27.0
ELPDEFVVV	1331655	45.0
ELSLIDFYL	1074999	44.0
ELYHYQECV	38851	24.0
ELYHYQECV	1336804	26.0
ELYHYQECV	110335	21.0
ELYHYQECV	1074972	54.0
ELYHYQECV	110431	21.0
ELYSPIFLI	1075107	45.0
ELYSPIFLI	67349	25.0
EMCEDTVTY	116289	25.0
EMCEDTVTY	580546	23.0
EMCEDTVTY	580654	23.0
EMCEDTVTY	580655	23.0
EMCEDTVTY	947122	23.0
EPDGPTPEL	69798	22.0
EPHWIAASI	50894	22.0
EPISYDPKF	952117	22.0
EPISYDPKF	180789	43.0
EPKEGTKKL	110338	23.0
EPKEGTKKL	180437	47.0
EPVLKGVKL	57592	44.0
EQYIKWPWY	1075120	62.0
EQYIKWPWY	1323673	57.0
EQYIKWPWY	59162	37.0
ETACLGKAY	146219	17.0
ETACLGKAY	180442	49.0
ETACLGKAY	180443	46.0
ETACLGKSY	1324353	25.0
ETACLGKSY	180442	46.0
ETACLGKSY	180443	49.0
ETACLGKSY	1075045	25.0
ETALALLLL	19442	38.0
ETALALLLL	16979	24.0
ETDENRAKV	98603	23.0
ETKCTLKSF	1324353	48.0
ETKCTLKSF	180443	25.0
ETKCTLKSF	1075045	48.0
ETMETLLLL	184523	28.0
EVDDYGFGM	185050	36.0
EVDDYGFGM	140564	24.0
EVFAQVKQI	1075019	42.0
EVFAQVKQI	1316108	42.0
EVFAQVKQI	1323207	42.0
EWFLAYILF	1311552	51.0
EWFLAYILF	39591	26.0
EWFLAYILF	1074927	23.0
EYHDVRVVL	1310570	47.0
EYHDVRVVL	1075119	47.0
EYVSQPFLM	993505	23.0
EYVSQPFLM	1316355	47.0
EYVSQPFLM	1310820	38.0
EYVSQPFLM	15110	21.0
EYVSQPFLM	72233	21.0
EYVSQPFLM	1313194	47.0
EYVSQPFLM	34616	23.0
EYVSQPFLM	1074869	47.0
EYVSQPFLM	1309110	47.0
EYVSQPFLM	993368	23.0
FAFACPDGV	1074880	52.0
FAFPFTIYS	1074996	49.0
FAGKTVWFV	183223	46.0
FAIGLALYY	1066501	22.0
FAMQMAYRF	1074986	36.0
FAMQMAYRF	1323266	36.0
FAPSASAFF	3810	39.0
FAPSASAFF	1311554	39.0
FAPSASAFF	1323209	45.0
FAPSASAFF	190509	19.0
FAPSASAFF	56979	28.0
FAPSASAFF	3957	45.0
FASTEKSNI	1315357	29.0
FASTEKSNI	1075093	29.0
FASTEKSNI	1075071	29.0
FASVYAWNR	1323761	51.0
FASVYAWNR	150309	28.0
FASVYAWNR	1576573	29.0
FASVYAWNR	180675	28.0
FAVSKGFFK	1315325	46.0
FAYANRNRF	1074985	49.0
FAYANRNRF	1323210	49.0
FAYTKRNVI	1074985	28.0
FAYTKRNVI	1323210	28.0
FCDLKGKYV	767135	24.0
FCIKVLCPY	110394	29.0
FCNDPFLGV	1074884	54.0
FEPSTQYEY	1331528	51.0
FEPSTQYEY	49485	21.0
FEPSTQYEY	58463	21.0
FEPSTQYEY	1074904	51.0
FERDISTEI	1316353	44.0
FERDISTEI	1074954	44.0
FERDISTEI	1319894	44.0
FEYVSQPFL	993505	21.0
FEYVSQPFL	141281	21.0
FEYVSQPFL	1316355	48.0
FEYVSQPFL	1310820	44.0
FEYVSQPFL	1313194	48.0
FEYVSQPFL	34616	21.0
FEYVSQPFL	1074869	48.0
FEYVSQPFL	1309110	48.0
FEYVSQPFL	993368	21.0
FFASFYYVW	54961	33.0
FFASFYYVW	741890	26.0
FFASFYYVW	1421	26.0
FFSYFAVHF	1334335	22.0
FGAIYGAAF	693594	27.0
FGDDTVIEV	1066504	22.0
FGDDTVIEV	1315599	28.0
FIAGLIAIV	75673	24.0
FIASFRLFA	1310394	43.0
FIASFRLFA	1075069	43.0
FIASFRLFA	1310831	39.0
FIEDLLFNK	25756	21.0
FITESKPSV	1316113	29.0
FKDQVILLN	1313394	27.0
FKDQVILLN	1312709	30.0
FKNLREFVF	11804	21.0
FLAFVVFLL	148397	25.0
FLAFVVFLL	194567	14.0
FLAHIQWMV	693603	23.0
FLAHIQWMV	16521	24.0
FLAHIQWMV	41407	27.0
FLAHIQWMV	34482	24.0
FLAHIQWMV	910611	20.0
FLAHIQWMV	538911	24.0
FLCLFLLPS	1332611	29.0
FLCLFLLPS	141222	28.0
FLCLFLLPS	1074887	48.0
FLCWHTNCY	59278	25.0
FLCWHTSCY	59278	25.0
FLCWHTSCY	93431	20.0
FLDLPLPWA	180618	33.0
FLDLPLPWL	180618	37.0
FLDLPLPWL	1321047	24.0
FLEGETLPT	1074848	35.0
FLEYHDVRV	1310570	43.0
FLEYHDVRV	1075119	49.0
FLFLTWICL	1074889	25.0
FLGIITTVA	1331963	38.0
FLGIITTVA	1075013	27.0
FLGRYMSAL	1325944	33.0
FLHVTYVPA	1318209	39.0
FLHVTYVPA	1074925	39.0
FLHVTYVPA	1074847	38.0
FLLPSLATV	44920	25.0
FLLPSLATV	1332611	42.0
FLLPSLATV	55029	25.0
FLLPSLATV	1074887	42.0
FLNGSCGSV	95278	26.0
FLNGSCGSV	95279	27.0
FLPFAMGII	419037	23.0
FLPFAMGII	1321046	40.0
FLPFFSDVT	1074888	43.0
FLPFFSDVT	1316697	43.0
FLPFFSDVT	1329407	38.0
FLPFFSNVT	1321058	20.0
FLPFFSNVT	1074888	48.0
FLPFFSNVT	1074872	20.0
FLPFFSNVT	1316697	48.0
FLPFFSNVT	1329407	43.0
FLPGVYSVI	1316699	42.0
FLPGVYSVI	1321053	40.0
FLPRVFSAV	1321089	38.0
FLPRVFSAV	1316699	26.0
FLPRVFSAV	832761	27.0
FLPRVFSAV	1074981	24.0
FLRDGWEIV	870850	26.0
FLTENLLLY	957126	17.0
FLVLLPLVS	161353	23.0
FLVLLPLVS	1192692	24.0
FLWLLWPVT	903398	28.0
FLWLLWPVT	1074889	56.0
FLWLLWPVT	190577	28.0
FLWLLWPVT	190556	28.0
FLWLLWPVT	190589	28.0
FLYLYALVY	1074908	47.0
FMCVEYCPI	1233708	27.0
FMCVEYCPI	120093	25.0
FMCVEYCPI	1217751	27.0
FMIDVQQWG	63286	31.0
FMIDVQQWG	63285	31.0
FMIDVQQWG	11014	31.0
FPDLNGDVV	66195	25.0
FPDSNSPIM	116289	41.0
FPDSNSPIM	103563	27.0
FPDSNSPIM	180460	40.0
FPDSNSPIM	183229	26.0
FPDSNSPIM	183231	38.0
FPFTSFGPL	232152	24.0
FPFTSFGPL	17354	41.0
FPFTSFGPL	993072	22.0
FPFTSFGPL	1319485	24.0
FPLCANGQV	17321	22.0
FPLCANGQV	32605	22.0
FPLTSFGPL	17354	42.0
FPLTSFGPL	79180	21.0
FPLTSFGPL	79294	19.0
FPLTSFGPL	23807	19.0
FPNITNLCP	1075108	54.0
FPNITNLCP	17321	28.0
FPNITNLCP	1323786	54.0
FPNITNLCP	181035	18.0
FPNITNLCP	1325420	38.0
FPNITNLCP	1310745	38.0
FPQSAPHGV	1074891	51.0
FPQSAPHGV	101645	21.0
FPQSAPHGV	1324414	51.0
FPQSNAPIM	116289	38.0
FPQSNAPIM	180460	48.0
FPQSNAPIM	88849	23.0
FPQSNAPIM	183229	34.0
FPQSNAPIM	183231	40.0
FPRGQGVPI	1074950	50.0
FPYSIPATL	180538	31.0
FQFCNDPFL	1316355	28.0
FQFCNDPFL	1074884	44.0
FQFCNDPFL	1310820	24.0
FQFCNDPFL	1313194	28.0
FQFCNDPFL	1074869	28.0
FQFCNDPFL	1309110	28.0
FQPTNGVGY	47760	24.0
FQPTNGVGY	1125225	23.0
FQPTNGVGY	922903	22.0
FRSSVLHST	1075113	35.0
FSDLYYLTM	753340	43.0
FSDVTWFHA	1074888	49.0
FSDVTWFHA	1316697	31.0
FSNVTWFHA	1074888	54.0
FSNVTWFHA	1316697	36.0
FSNVTWFHA	741890	21.0
FSNVTWFHA	37822	23.0
FSVVGNICY	539868	18.0
FSVVGNICY	149052	27.0
FSVVGNICY	177956	18.0
FTALTQHGK	1226	25.0
FTALVAFLR	1074908	21.0
FTDENKWKS	539682	25.0
FTDGVCLFW	95297	25.0
FTDPASIAA	180408	33.0
FTDPASIAA	116289	44.0
FTDPASIAA	11063	44.0
FTDPSSIAA	180408	30.0
FTDPSSIAA	116289	41.0
FTDPSSIAA	11063	41.0
FTDTCFANK	1075008	21.0
FTDTCFANK	1074951	26.0
FTIGTVTLK	1075027	44.0
FTIGTVTLK	180588	23.0
FTISVTTEI	1074898	42.0
FTLMAAILA	150224	38.0
FTLMAAILA	180818	34.0
FTLMAAILA	957055	21.0
FTMGVLCLA	101380	24.0
FTMGVLCLA	22738	26.0
FTMGVLCLA	64819	26.0
FTMGVLCLA	64818	26.0
FTMGVLCLA	1321046	24.0
FTMGVLCLA	185978	41.0
FTMRLLSPV	54664	24.0
FTMRLLSPV	952357	22.0
FTMRLLSPV	54662	25.0
FTNMEAQLI	540017	29.0
FTNMEAQLI	183275	40.0
FTNMEVQLI	540017	33.0
FTNMEVQLI	183275	44.0
FTNMEVQLV	540017	34.0
FTNMEVQLV	183275	43.0
FTPLVPFWI	68229	25.0
FTPLVPFWI	17449	21.0
FTPLVPFWI	190509	25.0
FTPLVPFWI	422989	31.0
FTPLVPFWI	103322	18.0
FTPLVPFWI	30815	30.0
FTSDYYQLY	1309122	51.0
FTSDYYQLY	1331464	36.0
FTSDYYQLY	1075092	51.0
FTSDYYQLY	1327990	51.0
FTSDYYQLY	1309146	51.0
FTTNIWLKL	180496	50.0
FTTNIWLKL	184804	44.0
FTVLCLTPV	1074912	23.0
FVAAIFYLI	52888	23.0
FVAAIFYLI	154041	26.0
FVFKNIDGY	1074880	17.0
FVFKNIDGY	150571	21.0
FVFKNIDGY	1332509	34.0
FVFLVLLPL	580298	31.0
FVFLVLLPL	1192692	24.0
FVGKTVWFV	183223	45.0
FVLAAVYRI	1074889	26.0
FVLAAVYRI	64710	26.0
FVLAAVYRI	1314167	28.0
FVNEFYAYL	1317128	49.0
FVNEFYAYL	1075008	45.0
FVNEFYAYL	141399	23.0
FVRIIMRLW	1074908	33.0
FVSEETGTL	580655	19.0
FVSNGTHWF	1075025	50.0
FVSNGTHWF	1317875	50.0
FVSNGTHWF	1326455	56.0
FVTVYSHLL	67503	23.0
FVTVYSHLL	1074899	46.0
FVTVYSHLL	922867	28.0
FVTVYSHLL	18678	24.0
FVTVYSHLL	36062	24.0
FVVEVVDKY	910249	27.0
FVVFLLVTL	148397	25.0
FYAYLRKHF	1317128	33.0
FYAYLRKHF	779949	20.0
FYAYLRKHF	1334335	46.0
FYGGWHNML	21960	25.0
FYGGWHNML	52431	25.0
FYLITPVHV	1328240	43.0
FYLTNDVSF	1075072	48.0
FYLTNDVSF	1328339	42.0
FYSKWYIRV	21960	34.0
FYSKWYIRV	146124	24.0
FYSKWYIRV	52431	34.0
FYWFFSNYL	62504	20.0
FYYVWKSYV	1332015	51.0
GAAAYYVGY	179795	26.0
GAAAYYVGY	1075117	49.0
GAAFSGVSW	59088	28.0
GAAFSGVSW	55881	28.0
GAAFSGVSW	56979	20.0
GAAFSGVSW	3957	20.0
GAIKLDDKD	1143883	29.0
GAIKLDDKD	1312709	36.0
GAKLKALNL	993304	24.0
GARKSAPLI	1075042	39.0
GDAALALLL	19442	32.0
GDAALALLL	16979	24.0
GDAALALLL	1074903	40.0
GEAANFCAL	1075129	31.0
GEAANFCAL	957087	30.0
GEDGCWYGM	180738	50.0
GEEVQVIAV	180428	36.0
GEGLHKLGY	693594	26.0
GESNIVIGI	693576	31.0
GESSSNPTI	1333885	23.0
GESSSNPTI	1334431	23.0
GEVFNATRF	1316109	41.0
GEVFNATRF	1074885	47.0
GEVITFDNL	957092	25.0
GFMNEDHWF	693603	29.0
GFMWLSYFI	1315219	47.0
GFMWLSYFI	39591	30.0
GGETALALL	19442	36.0
GGWRLSAQW	180440	20.0
GGWRLSAQW	419170	25.0
GGWRLSAQW	15787	25.0
GGWRLSAQW	53246	20.0
GILGFVFTL	20355	45.0
GILGFVFTL	1074875	24.0
GIYQTSNFR	435417	21.0
GKYEQYIKW	1075120	44.0
GKYEQYIKW	59162	55.0
GLALYYPSA	1066501	22.0
GLALYYPSA	957038	28.0
GLDFSDLYY	753340	50.0
GLDFSDLYY	957077	27.0
GLDFSDLYY	957095	28.0
GLEAPFLYL	1074908	47.0
GLEAPFLYL	1314132	47.0
GLFGKGSLV	180816	39.0
GLFGKGSLV	693548	45.0
GLFPVSIPI	423016	26.0
GLFPVSIPI	48458	20.0
GLFPVSIPI	21242	24.0
GLFPVSIPI	180538	46.0
GLFPVSIPI	30815	25.0
GLIAIVMVT	75673	23.0
GLITLSYHL	1315219	25.0
GLLCLTLFV	423068	25.0
GLLCLTLFV	185978	26.0
GLLCLTLFV	101380	27.0
GLLFMILTV	148619	21.0
GLLFMILTV	20988	21.0
GLLPPKNSI	25756	23.0
GLMWLSYFI	143728	23.0
GLMWLSYFI	1315219	51.0
GLMWLSYFI	39591	33.0
GLMWLSYFV	143728	23.0
GLMWLSYFV	1315219	50.0
GLMWLSYFV	39591	32.0
GLNPTAILL	911048	19.0
GLNPTAILL	767757	24.0
GLNPTAILL	21136	24.0
GLNPTAILL	21137	24.0
GLNPTAILL	21139	24.0
GLNSRSTSL	184377	42.0
GLNSRSTSL	183708	40.0
GLNSRSTSL	185758	26.0
GLPWNVVRI	180675	29.0
GLPWNVVRI	910469	29.0
GLPWNVVRI	910506	29.0
GLPWNVVRI	872298	29.0
GLPWNVVRI	873453	29.0
GLPWNVVRI	957077	19.0
GLQPSVGPK	36352	26.0
GLTVLPPLL	20417	22.0
GLTVLPPLL	1075094	30.0
GLYPLAIPV	423016	30.0
GLYPLAIPV	180538	36.0
GLYPLAIPV	155096	24.0
GLYPLAIPV	21242	28.0
GMGEAAAIF	116289	35.0
GMGEAAAIF	539223	35.0
GMNSRSTSL	184377	40.0
GMNSRSTSL	183708	43.0
GMNSRSTSL	185758	26.0
GMSRIGMEV	42648	38.0
GMSRIGMEV	1074911	44.0
GPKKSTNLV	1309118	46.0
GPKVKYLYF	232348	23.0
GPKVKYLYF	110725	24.0
GPKVKYLYF	230029	23.0
GPLIAGGML	180531	30.0
GPLVAGGLL	180531	31.0
GPLVAGGLL	1332142	28.0
GPMKLVMAF	184835	33.0
GPMVAGGLL	180531	29.0
GPMVAGGLL	185468	26.0
GPMVAGGLL	419037	24.0
GPMVAGGLL	1332142	31.0
GPSLRTTTV	184585	28.0
GQIMLLVLC	150445	29.0
GQLKLNWFK	23288	20.0
GQLKLNWFK	180433	47.0
GQLKLNWFK	1658	26.0
GQLKLNWFK	5783	26.0
GRLQSLQTY	1074971	45.0
GRLQSLQTY	1323919	39.0
GRVDGQVDL	148619	24.0
GRVDGQVDL	911884	27.0
GRVDGQVDL	957126	25.0
GSEHSLAEY	1075046	42.0
GSRAIWYMW	903398	30.0
GSRAIWYMW	1074889	25.0
GSRAIWYMW	190577	30.0
GSRAIWYMW	190556	30.0
GSRAIWYMW	190589	30.0
GTDLEGNFY	1075008	22.0
GTITSGWTF	14902	21.0
GTITSGWTF	182707	20.0
GTITSGWTF	78534	24.0
GTITVEELK	1322363	43.0
GTITVEELK	1597701	43.0
GTRNPANNA	1075032	38.0
GTRNPANNA	1310677	33.0
GTSTDVVYR	182707	22.0
GVEGEGLHK	539758	22.0
GVEGEGLHK	14642	22.0
GVEGEGLHK	693594	24.0
GVEGEGLHK	539038	20.0
GVEGEGLHK	539039	22.0
GVFCGVDAV	6437	22.0
GVFCGVDAV	539286	23.0
GVFHTMWHV	140561	21.0
GVFHTMWHV	74695	26.0
GVKHVYQLR	1074880	43.0
GVLFMFVLL	183165	23.0
GVLFMFVLL	43447	24.0
GVLTESNKK	1325421	30.0
GVVFLHVTY	1074847	48.0
GVYDYLVST	1332947	25.0
GVYDYLVST	1075076	47.0
GVYFASTEK	1315357	46.0
GVYFASTEK	1075093	46.0
GVYYHKNNK	1516	21.0
GVYYHKNNK	189503	20.0
GVYYHKNNK	72038	21.0
GVYYHKNNK	1597047	37.0
GVYYPDKVF	1075113	46.0
GVYYPDKVF	28594	28.0
GVYYPDKVF	51643	28.0
GVYYPDKVF	1327741	46.0
GVYYPDKVF	1317887	52.0
GWGNGCGLF	180816	54.0
GWGNGCGLF	693548	60.0
GYLQPRTFL	1075131	49.0
GYLQPRTFL	1317916	49.0
GYLQPRTFL	1329031	45.0
HADQLTPTW	1318459	55.0
HADQLTPTW	1626876	37.0
HADQLTPTW	1326246	55.0
HATFTTRLL	116289	31.0
HATFTTRLL	75718	25.0
HEMYWVSGV	1334376	18.0
HGAIKLDDK	1143883	29.0
HGAIKLDDK	539092	22.0
HGAIKLDDK	1312709	30.0
HLDGEVITF	858713	22.0
HLDGEVITF	957092	25.0
HLMGWDYPK	1326307	40.0
HLMSFPQSA	952269	20.0
HLMSFPQSA	1075122	47.0
HLMSFPQSA	832789	20.0
HLMSFPQSA	1324414	30.0
HLRIAGHHL	1312531	47.0
HLRIAGHHL	1323796	51.0
HLRIAGHHL	120127	26.0
HLRIAGHHL	1074919	51.0
HLRMAGHSL	1312531	36.0
HLRMAGHSL	1323796	39.0
HLRMAGHSL	1074919	39.0
HLYLQYIRK	27983	21.0
HMCDATMSY	116289	27.0
HMCDATMSY	539189	24.0
HPASAWTLY	116835	22.0
HPASAWTLY	1315207	22.0
HPASAWTLY	183594	54.0
HPASAWTLY	180758	24.0
HPASAWTLY	754679	24.0
HPASAWTLY	539385	28.0
HPGFTILAL	180504	48.0
HPGFTILAL	180464	27.0
HPGFTILAL	180818	39.0
HPGFTIMAA	180504	42.0
HPGFTIMAA	180818	46.0
HPGFTIMAA	150224	28.0
HPGFTLMAA	180504	40.0
HPGFTLMAA	180818	47.0
HPGFTLMAA	150224	26.0
HPGFTVIAL	108067	23.0
HPGFTVIAL	102922	23.0
HPGFTVIAL	107888	23.0
HPGFTVIAL	180818	38.0
HPGFTVIAL	180504	45.0
HPGFTVIAL	24479	23.0
HPYRTWAYH	180582	37.0
HPYRTWAYH	1000	23.0
HPYRTWAYH	183594	24.0
HPYRTWAYH	779949	32.0
HPYRTWAYH	72563	52.0
HPYRTWAYH	754679	62.0
HPYRTWAYH	75636	27.0
HPYRTWAYH	186550	36.0
HPYRTWAYH	180758	51.0
HPYRTWAYH	75448	36.0
HPYRTWAYH	539385	50.0
HPYRTWAYH	65654	28.0
HPYRTWAYH	10939	36.0
HPYRTWAYH	36062	25.0
HRSGSTIGK	693557	47.0
HSWEDIPYL	79337	19.0
HSYFTSDYY	1309146	42.0
HSYFTSDYY	1309122	54.0
HSYFTSDYY	1075092	54.0
HSYFTSDYY	1327990	42.0
HTDLMAAYV	93224	23.0
HTDLMAAYV	1074941	43.0
HTDLMAAYV	1315757	43.0
HTDLMAAYV	1316110	43.0
HTWTEQYKF	33912	27.0
HTWTEQYKF	75718	23.0
HTWTEQYKF	232152	18.0
HVGEIPVAY	423010	24.0
HVGEIPVAY	146284	22.0
HVGEIPVAY	146285	22.0
HVGEIPVAY	131096	27.0
HVGEIPVAY	1075101	49.0
HVLGRLITV	37317	19.0
HVLGRLITV	148619	19.0
HVLGRLITV	184337	31.0
HVLGRLITV	591739	25.0
HVLGRLITV	20988	19.0
HVTFFIYNK	1075064	51.0
HVTFFIYNK	29182	20.0
IAGALFTFV	183587	31.0
IAIPTNFTI	1074865	45.0
IAMACLVGL	1074842	44.0
IAMTDTTPY	180643	41.0
IAMTDTTPY	780179	23.0
IANQAAILM	1322706	23.0
IANQFNSAI	37104	23.0
IASFRLFAR	1310394	42.0
IASFRLFAR	1075069	37.0
IASFRLFAR	1310831	33.0
IAVASGLLW	182508	45.0
ICSAVPVHW	149097	19.0
ICSAVPVHW	914363	19.0
ICSAVPVHW	422981	19.0
ICSAVPVHW	177701	19.0
IEDLLFNKV	25756	22.0
IEVNSFSGY	1333964	46.0
IFLWLLWPV	903398	28.0
IFLWLLWPV	1074889	51.0
IFLWLLWPV	190577	28.0
IFLWLLWPV	190556	28.0
IFLWLLWPV	190589	28.0
IFNGECPNF	1075129	22.0
IFNGECPNF	59502	27.0
IGIGILLTW	183793	31.0
IGIGILLTW	180563	33.0
IGIGILLTW	186524	28.0
IGIGILLTW	186470	27.0
IGIGVLLTW	183793	32.0
IGIGVLLTW	180563	34.0
IGIGVLLTW	186524	27.0
IGIGVLLTW	186470	28.0
IGLTSRATW	184377	27.0
IGLTSRATW	183708	27.0
IGYYRRATR	1075130	38.0
IIFWFSLEL	27516	39.0
IIIGVGDSA	693576	33.0
IIKNLSKSL	1087357	40.0
IITLYLGTV	79351	19.0
IIWVATEGA	119822	23.0
IKLDDKDPN	1312709	49.0
IKLDDKDPQ	1312709	43.0
IKWPWYIWL	903398	23.0
IKWPWYIWL	74407	28.0
IKWPWYIWL	779949	22.0
IKWPWYIWL	1075120	49.0
IKWPWYIWL	143728	29.0
IKWPWYIWL	190577	22.0
IKWPWYIWL	75448	22.0
IKWPWYIWL	1323673	60.0
IKWPWYIWL	10939	22.0
IKWPWYIWL	190556	22.0
IKWPWYIWL	68605	21.0
ILAYCNKTV	155999	26.0
ILFTRFFYV	1315120	30.0
ILFTRFFYV	1074863	47.0
ILHCANFNV	952173	26.0
ILHCANFNV	833855	26.0
ILIGVIITW	180563	46.0
ILIGVIITW	20988	24.0
ILIGVIITW	37317	24.0
ILIGVIITW	148619	24.0
ILIGVVITW	180563	45.0
ILIGVVITW	20988	23.0
ILIGVVITW	37317	23.0
ILIGVVITW	148619	23.0
ILLNKHIDA	1313394	45.0
ILLNKHIDA	37611	41.0
ILLVAVSFV	180735	34.0
ILPDPSKPS	1330660	26.0
ILPDPSKPS	580550	25.0
ILPDPSKPS	27241	39.0
ILPDPSKPS	148172	30.0
ILPDPSKPS	1074928	48.0
ILPDPSKPS	1327568	26.0
ILPDPSKPS	1328306	26.0
ILPDPSKPS	137685	30.0
ILPDPSKPS	1315705	26.0
ILPDPSKPS	53405	27.0
ILPDPSKPS	38783	26.0
ILRGHLRIA	1310793	36.0
ILRGHLRIA	1312531	44.0
ILRGHLRIA	1323796	36.0
ILRHPGFTL	180504	34.0
ILRHPGFTL	180818	47.0
ILRHPGFTL	27295	34.0
ILRNPGFAL	180818	35.0
ILRNPGFAL	27295	43.0
ILWENNIKL	137724	26.0
ILWENNIKL	36717	26.0
IMAAILAYT	150224	36.0
IMASLVLAR	742143	24.0
IMAVGIVSI	183779	36.0
IMAVGLVSL	183779	35.0
IMAVGMVSI	183779	40.0
IMDLERRYV	180528	26.0
IMDLERRYV	184337	22.0
IMDLERRYV	183781	37.0
IMLCCMTSC	957061	23.0
IMLCCMTSC	93431	25.0
IMNRRKRSV	185492	28.0
IMNRRKRSV	183719	26.0
INITRFQTL	1074872	44.0
INITRFQTL	1321058	30.0
INITRFQTL	1322395	40.0
INKRKKTSL	183719	43.0
IPERSWNTG	180440	49.0
IPERSWNTG	182898	36.0
IPERSWNTG	53246	30.0
IPERSWNTG	180423	36.0
IPFAMQMAY	1074986	47.0
IPFAMQMAY	1323266	47.0
IPITAAAWY	180538	32.0
IPITAAAWY	183819	50.0
IPKAYAGPF	922832	23.0
IPKNFAGPV	922832	23.0
IPKSLAGPI	922832	26.0
IPLCRTSCL	179825	21.0
IPLCRTSCL	6668	26.0
IPLCRTSCL	957061	23.0
IPLCRTSCL	957079	23.0
IPLQWIASA	180618	28.0
IPMTGPLVA	79337	23.0
IPMTGPLVA	180531	46.0
IPMVTQIAM	161186	29.0
IPMVTQLAM	161186	29.0
IPMVTQLAM	1323266	21.0
IPMVTQLAM	1074986	21.0
IPMVTQMAM	161186	29.0
IPMVTQMAM	1323266	24.0
IPMVTQMAM	1074986	24.0
IPRRNVATL	1332600	44.0
IPRSYAGPF	922832	29.0
IPRSYAGPF	1315593	23.0
IPRSYAGPF	47854	23.0
IPSINVHHY	189849	24.0
IPSINVHHY	32663	25.0
IPTDFTISV	1074865	40.0
IPTNFTISV	1074865	45.0
IPTVMAFHL	32663	21.0
IPVAYRKVL	1075101	44.0
IPVAYRNVL	149117	23.0
IPVAYRNVL	8236	23.0
IPVAYRNVL	1075101	39.0
IPVTMALWY	183819	39.0
IQITISSFK	1316066	36.0
IQLSSYSLF	45371	36.0
IQPGQTFSV	44833	24.0
IQPGQTFSV	38494	24.0
IQRTVFFVL	183223	22.0
IQYIDIGNY	1310482	18.0
IQYIDIGNY	16548	21.0
ISDEFSSNV	327	25.0
ISDYDYYRY	1314137	46.0
ISDYDYYRY	28484	28.0
ISDYDYYRY	1075039	26.0
ISQWLTNIF	38724	24.0
ITAAAWYLW	39591	25.0
ITAAAWYLW	183819	43.0
ITAAAWYLW	423020	25.0
ITAAAWYLW	36717	31.0
ITAAAWYLW	74386	25.0
ITAAAWYLW	74387	25.0
ITDFAGKTV	56252	23.0
ITDFAGKTV	183223	25.0
ITDNVHTWT	1075123	25.0
ITDNVHTWT	98244	27.0
ITEAELTGY	107748	24.0
ITEAELTGY	107749	28.0
ITEAELTGY	10790	28.0
ITEAELTGY	108153	24.0
ITEAELTGY	67764	28.0
ITEAELTGY	4917	28.0
ITEAELTGY	108181	28.0
ITEAELTGY	539286	24.0
ITEAELTGY	108180	24.0
ITEAELTGY	4916	24.0
ITEAELTGY	108154	28.0
ITLATCELY	1074972	47.0
ITLKKRWQL	1324282	39.0
ITLKKRWQL	1074942	48.0
ITNFKSVLY	149027	22.0
ITNFKSVLY	96957	21.0
ITPMLRHTI	79337	23.0
ITPMMRHTI	79337	21.0
ITPVHVMSK	1328240	32.0
ITRFQTLLA	1074872	34.0
ITRFQTLLA	1322395	34.0
ITSGWTFGA	141422	20.0
ITSGWTFGA	182707	20.0
ITSGWTFGA	27061	23.0
ITSGWTFGA	14902	21.0
ITSGWTFGA	180726	24.0
ITVIDLEPI	74288	24.0
ITVIDLEPI	180789	36.0
ITVIDLEPI	76334	25.0
ITYKCPLLR	42897	23.0
IVAGGIVAI	870188	20.0
IVAIDLDPV	180789	30.0
IVDTVSALV	745484	26.0
IVDTVSALV	37181	26.0
IVQPENLEY	693593	42.0
IVQPENLEY	189799	22.0
IWEVEDYGF	185050	39.0
IWEVEDYGF	38549	23.0
IWLGFIAGL	957111	25.0
IWLGFIAGL	957098	25.0
IWLGFIAGL	120187	20.0
IWLGFIAGL	494095	28.0
IWLKLRDVY	180496	32.0
IWLKLREKY	180496	40.0
IYRILQRGL	1125240	16.0
IYRILQRGL	914412	22.0
IYRILQRGL	182687	32.0
KARLYYDSM	180589	23.0
KARLYYDSM	1331013	42.0
KASMPTTIA	1321988	30.0
KASMPTTIA	180670	24.0
KAYAQMWSL	180579	46.0
KAYAQMWSL	180828	40.0
KAYAQMWSL	180077	30.0
KAYDVTQAF	51250	36.0
KAYDVTQAF	104419	26.0
KAYDVTQAF	534068	36.0
KAYDVTQAF	1146707	25.0
KAYNVTQAF	51250	41.0
KAYNVTQAF	534068	41.0
KCYGVSPTK	40253	19.0
KDNVILLNK	1313394	27.0
KDPQFKDNV	1330491	21.0
KDPQFKDNV	1312709	39.0
KDPQFKDNV	1074959	21.0
KEENMVKSL	182938	35.0
KEENMVKSL	182939	43.0
KEGVFHTMW	43627	20.0
KEIDRLNEV	8064	19.0
KEIDRLNEV	26870	19.0
KEWAYCVEM	745484	19.0
KEWAYCVEM	190455	19.0
KFADDLNQL	1087344	41.0
KFTDGVCLF	95297	25.0
KHIDAYKTF	68581	24.0
KHIDAYKTF	146213	24.0
KHIDAYKTF	37611	50.0
KHIDAYKTF	146188	24.0
KHIDAYKTF	1313394	50.0
KHWPQIAQF	1125153	23.0
KHWPQIAQF	187106	23.0
KHWPQIAQF	1310340	55.0
KIADYNYKL	6636	26.0
KIADYNYKL	779949	24.0
KIADYNYKL	779921	25.0
KIADYNYKL	180500	20.0
KIADYNYKL	1314137	26.0
KIADYNYKL	10939	24.0
KIADYNYKL	1075039	48.0
KIFPPTEPK	33668	46.0
KIFPPTEPK	1319977	46.0
KIFPPTEPK	37611	46.0
KIFPPTEPK	1074864	46.0
KIFPPTEPK	1328121	46.0
KIILFLALI	1240896	29.0
KITAEWLWK	119822	26.0
KITAEWLWK	62903	36.0
KITEHSWNA	42797	28.0
KIYSKHTPI	1074945	44.0
KIYSKHTPI	62977	26.0
KIYSKHTPI	18678	21.0
KIYSKHTPI	182747	20.0
KIYSKHTPI	4156	26.0
KIYSKHTPI	36062	21.0
KLAEAIFKL	180500	41.0
KLAEAIFKL	1075039	20.0
KLDDKDPNF	1312709	51.0
KLDDKDPQF	1312709	45.0
KLELKGMSY	693587	27.0
KLELKGMSY	184571	37.0
KLELKGMSY	184412	31.0
KLFDRYFKY	1319821	25.0
KLFDRYFKY	1316087	25.0
KLKDCVMYA	957058	29.0
KLKDCVMYA	1074962	27.0
KLKDCVMYA	993102	24.0
KLKDCVMYA	21079	25.0
KLLEQWNLV	1597701	34.0
KLLEQWNLV	1074875	48.0
KLLEQWNLV	1315749	48.0
KLLEQWNLV	31974	27.0
KLLTKPWDV	161186	48.0
KLMGHFAWW	957137	29.0
KLMGHFAWW	37313	18.0
KLNDWDFVV	72233	24.0
KLNDWDFVV	140564	18.0
KLNEEIAII	1311557	26.0
KLPDDFMGC	16832	23.0
KLPDDFMGC	16833	23.0
KLPDDFMGC	16836	25.0
KLPDDFMGC	32069	54.0
KLPDDFMGC	1331655	27.0
KLPDDFMGC	1074952	48.0
KLPDDFMGC	5191	23.0
KLPDDFMGC	745484	23.0
KLPDDFMGC	16813	24.0
KLPDDFMGC	16814	24.0
KLPDDFMGC	38701	23.0
KLPDDFMGC	16827	23.0
KLPDDFMGC	16830	23.0
KLPDDFMGC	16831	23.0
KLPDDFTGC	1074952	54.0
KLPDDFTGC	16836	23.0
KLPDDFTGC	32069	48.0
KLPDDFTGC	1331655	26.0
KLPQHLALR	46625	26.0
KLPQHLALR	184554	31.0
KLSMGLITI	145256	23.0
KLTDWDFVV	72233	24.0
KLTDWDFVV	180843	37.0
KLTVIVGDV	183723	40.0
KLVNKFLAL	184835	22.0
KLVSSFLEM	1332947	31.0
KLWHYCSTL	54819	33.0
KLWHYCSTL	54820	33.0
KLWHYCSTL	54821	35.0
KLWHYCSTL	54824	37.0
KLWHYCSTL	54825	34.0
KLWHYCSTL	75636	35.0
KMFDAYVNT	1319821	48.0
KMFDAYVNT	1316087	33.0
KNLREFVFK	11804	21.0
KPANNSLKI	1075032	24.0
KPANNSLKI	1310677	24.0
KPASRELKV	93224	28.0
KPGTSGSPI	22817	36.0
KPGTSGSPI	22818	36.0
KPGTSGSPI	22819	36.0
KPGTSGSPI	22820	36.0
KPGTSGSPI	5542	43.0
KPGTSGSPI	22823	36.0
KPGTSGSPI	22824	36.0
KPGTSGSPI	22825	36.0
KPGTSGSPI	17802	43.0
KPGTSGSPI	22822	36.0
KPGTSGSPI	64489	27.0
KPGTSGSPI	180750	43.0
KPGTSGSPI	733874	33.0
KPGTSGSPI	733875	36.0
KPIDDRFAN	190723	49.0
KPIDDRFAN	540100	43.0
KPIDDRFAN	539144	42.0
KPIDDRFAN	539145	41.0
KPIDDRFAN	190856	39.0
KPIDDRFAN	539435	43.0
KPIDDRFAN	539436	41.0
KPIDDRFAN	177613	41.0
KPIDDRFAN	539149	34.0
KPIDDRFAN	539656	33.0
KPIDDRFAN	155637	21.0
KPIDDRFAN	178071	41.0
KPIDDRFAN	539065	41.0
KPKGEVVDL	55320	26.0
KPKGEVVDL	136865	26.0
KPLPEVKIL	36563	22.0
KPRLCTREE	110338	26.0
KPRLCTREE	180483	43.0
KPRLCTREE	110306	26.0
KPRLCTREE	110373	26.0
KPRLCTREE	419048	45.0
KPRLCTREE	180684	45.0
KPRLCTREE	32085	26.0
KPRLCTREE	62903	38.0
KPRLCTREE	180728	47.0
KPRLCTREE	180571	48.0
KPRLCTREE	180572	50.0
KPRLCTREE	150655	43.0
KPRQKRTAT	51250	29.0
KPRWLDARI	3587	25.0
KPRWLDARI	910633	31.0
KPRWLDARI	30266	34.0
KPRWLDARI	753459	40.0
KPRWMDARV	910633	32.0
KPRWMDARV	30266	32.0
KPRWMDARV	753459	43.0
KPSFYVYSR	1310429	33.0
KPSFYVYSR	58463	23.0
KPSGTWLTY	26273	49.0
KPSGTWLTY	193441	49.0
KPSGTWLTY	46243	22.0
KPSGTWLTY	116835	22.0
KPSGTWLTY	71461	49.0
KPSGTWLTY	1143883	49.0
KPSGTWLTY	1312574	49.0
KPSGTWLTY	1313778	49.0
KPSGTWLTY	190494	37.0
KPSGTWLTY	42648	37.0
KPSGTWLTY	68601	22.0
KPSGTWLTY	1311195	21.0
KPSGTWLTY	1074910	49.0
KPTLDFELI	693611	36.0
KPVETSNSF	1319904	46.0
KPWDIIPMV	161186	51.0
KPWDIIPMV	910469	30.0
KPWDIIPMV	910506	30.0
KPWDIIPMV	872298	30.0
KPWDIIPMV	873453	30.0
KPWDIIPMV	32941	50.0
KPWDIIPMV	32942	44.0
KPWDIIPMV	32944	45.0
KPWDIIPMV	910462	30.0
KPWDVIPMV	161186	52.0
KPWDVIPMV	910469	29.0
KPWDVIPMV	910506	29.0
KPWDVIPMV	872298	29.0
KPWDVIPMV	873453	29.0
KPWDVIPMV	32941	51.0
KPWDVIPMV	32942	45.0
KPWDVIPMV	32944	46.0
KPWDVIPMV	910462	29.0
KPWDVVPMV	32944	47.0
KPWDVVPMV	161186	53.0
KPWDVVPMV	32941	50.0
KPWDVVPMV	32942	44.0
KPYIKWDLL	5952	27.0
KPYIKWDLL	39591	26.0
KPYIKWDLL	423020	25.0
KPYIKWDLL	74386	23.0
KPYIKWDLL	74387	23.0
KQFDTYNLW	1576573	17.0
KQFDTYNLW	1576572	17.0
KQFDTYNLW	1319821	24.0
KQFDTYNLW	1316087	24.0
KQGDDYVYL	1323201	25.0
KQGDDYVYL	1075018	25.0
KQISNELNY	10650	23.0
KQIYKTPPI	1330491	39.0
KQIYKTPPI	1074959	49.0
KQLIKVTLV	1311571	40.0
KQLIKVTLV	607061	22.0
KRMAVLGDT	539656	22.0
KRMAVLGDT	184900	26.0
KRMAVLGDT	190856	22.0
KRMAVLGDT	180726	38.0
KSAAIDGEY	423002	22.0
KSAAIDGEY	149097	23.0
KSAAIDGEY	914412	23.0
KSAAIDGEY	914362	23.0
KSAAIDGEY	914363	23.0
KSAAIDGEY	21982	23.0
KSAGFPFNK	1319932	49.0
KSEFQIYKK	1074961	27.0
KSEFQIYKK	1313211	27.0
KSEFQIYKK	1325190	27.0
KSFTVEKGI	1075045	34.0
KSTNLVKNK	1309118	44.0
KSYAQMWQL	180579	45.0
KSYAQMWQL	62184	18.0
KSYAQMWQL	180077	29.0
KSYAQMWQL	57723	20.0
KSYAQMWQL	180828	36.0
KTDWLPMTV	42152	21.0
KTFDSEYVK	33912	22.0
KTFDSEYVK	76121	23.0
KTFDTEYQK	33576	32.0
KTFDTEYQK	76121	22.0
KTFDTEYQK	33912	20.0
KTFPPIEPK	33668	46.0
KTFPPIEPK	1319977	46.0
KTFPPIEPK	37611	46.0
KTFPPIEPK	923034	20.0
KTFPPIEPK	1074864	46.0
KTFPPIEPK	1328121	46.0
KTFPPIEPK	190554	20.0
KTFPPTEPK	184643	24.0
KTFPPTEPK	33668	52.0
KTFPPTEPK	1319977	52.0
KTFPPTEPK	37611	52.0
KTFPPTEPK	923034	18.0
KTFPPTEPK	1074864	52.0
KTFPPTEPK	1328121	52.0
KTFPPTEPK	190554	18.0
KTFVDLMRR	180471	30.0
KTFVDLMRR	180724	45.0
KTFVDLMRR	39095	41.0
KTFVELMRR	753448	29.0
KTFVELMRR	19435	29.0
KTFVELMRR	180724	41.0
KTFVELMRR	39095	44.0
KTFVELMRR	180472	29.0
KTLPPTEPK	184643	26.0
KTLPPTEPK	33668	46.0
KTLPPTEPK	190554	20.0
KTLPPTEPK	1319977	46.0
KTLPPTEPK	37611	46.0
KTLPPTEPK	1074864	46.0
KTLPPTEPK	1328121	46.0
KTLPPTEPK	923034	20.0
KTQFNYYKK	1074856	23.0
KTWAYHGSY	91163	24.0
KTWAYHGSY	72563	57.0
KTWAYHGSY	180582	57.0
KTWAYHGSY	754679	54.0
KVAGFAKFL	33948	44.0
KVFRSSVLH	1075113	44.0
KVGGNYNYL	1320009	51.0
KVGGNYNYL	94946	20.0
KVGGNYNYL	1315542	47.0
KVIEVRGYT	1125193	27.0
KVIEVRGYT	1125226	27.0
KVIEVRGYT	1315599	31.0
KVKYLYFIK	1334374	33.0
KVSIWNLDY	1310776	51.0
KVSIWNLDY	39591	20.0
KVSIWNLDY	1074927	51.0
KVYPIILRL	55251	22.0
KWPWYIWLG	74407	25.0
KWPWYIWLG	779949	22.0
KWPWYIWLG	1075120	45.0
KWPWYIWLG	75448	22.0
KWPWYIWLG	1323673	56.0
KWPWYIWLG	10939	22.0
KYEQYIKWP	1075120	51.0
KYEQYIKWP	1323673	39.0
KYEQYIKWP	59162	49.0
LAAIANQAA	189547	23.0
LAAVYRINW	1314167	45.0
LACFVLAAV	1074889	43.0
LACFVLAAV	11956	24.0
LACFVLAAV	64710	43.0
LAGRVPDWL	1318946	28.0
LAHYIGTSL	1309129	22.0
LAKRFSRGL	184265	43.0
LALLLLDRL	19442	24.0
LALLLLDRL	1074903	39.0
LATNNLVVM	1087413	42.0
LDDKDPNFK	1074856	24.0
LDDKDPNFK	54501	22.0
LDDKDPNFK	1312709	51.0
LDDKDPQFK	1312709	45.0
LEAPFLYLY	1074908	48.0
LEAPFLYLY	1314132	48.0
LEENMDVEI	184316	44.0
LEENMDVEI	184318	40.0
LEFEALGFL	180723	40.0
LEFEALGFM	180723	40.0
LEMELTPVV	1321779	34.0
LETLMLVAL	184531	27.0
LETLMLVAL	180596	39.0
LETLMLVAL	184523	25.0
LFARTRSMW	1313451	49.0
LFARTRSMW	1403183	33.0
LFARTRSMW	1324086	35.0
LFARTRSMW	1075030	49.0
LFARTRSMW	1310394	49.0
LFFSDVTWF	1074888	43.0
LFFSDVTWF	1316697	37.0
LFTRFFYVL	1323210	23.0
LFTRFFYVL	1310685	23.0
LFTRFFYVL	1074863	43.0
LGAENSVAY	1328800	44.0
LGAENSVAY	1074969	44.0
LGFIAGLIA	957111	25.0
LGFIAGLIA	957098	25.0
LGFIAGLIA	494095	28.0
LGKKKTPRM	180483	43.0
LGKSYAQMW	180442	27.0
LGKSYAQMW	180579	41.0
LGKSYAQMW	539741	18.0
LGKSYAQMW	180443	30.0
LGKYEQYIK	1075120	33.0
LGKYEQYIK	59162	48.0
LHKPIVWHV	187106	23.0
LHKPIVWHV	903398	26.0
LIDFYLCFL	93431	23.0
LIDFYLCFL	1074999	50.0
LIFILLTAV	150299	25.0
LIIMRTFKV	1074927	42.0
LIRQGTDYK	1323201	42.0
LIRQGTDYK	1075018	47.0
LIRQGTDYK	181731	27.0
LITGRLQSL	36723	32.0
LITGRLQSL	1074971	41.0
LIVSGIFPY	180538	28.0
LIVSGIFPY	419005	30.0
LLADKFPVL	840888	30.0
LLADKFPVL	140616	26.0
LLDDFVEII	1074975	43.0
LLDRLNQLE	37515	38.0
LLDRLNQLE	1074903	38.0
LLFLMSFTV	1074993	23.0
LLFLVLIML	1074999	39.0
LLIIMRTFK	1074927	42.0
LLILCVTQV	49831	27.0
LLILCVTQV	37421	22.0
LLILCVTQV	150445	43.0
LLILCVTQV	184439	43.0
LLILCVTQV	180601	39.0
LLLDDFVEI	1074975	43.0
LLLDRLNQL	37515	42.0
LLLDRLNQL	1075055	22.0
LLLDRLNQL	1074903	42.0
LLLEWLAMA	910295	24.0
LLLGLMILL	59141	27.0
LLLGLMILL	21199	23.0
LLLSGQITW	37822	26.0
LLMLLPTAL	180390	28.0
LLMLVTPSM	186303	30.0
LLMPILTLT	957126	23.0
LLMPLKAPK	74800	25.0
LLMRTSWAL	184453	39.0
LLMRTTWAF	184453	49.0
LLMRTTWAL	184453	43.0
LLNKHIDAY	68581	24.0
LLNKHIDAY	146213	24.0
LLNKHIDAY	37611	48.0
LLNKHIDAY	146188	24.0
LLNKHIDAY	1313394	48.0
LLSVCLGSL	133645	25.0
LLTNMFTPL	44976	29.0
LLTNMFTPL	54686	29.0
LLVLCVTQV	49831	26.0
LLVLCVTQV	37421	21.0
LLVLCVTQV	150445	42.0
LLVLCVTQV	184439	42.0
LLVLCVTQV	180601	38.0
LLWPVTLAC	1074889	52.0
LMAAILAYT	150224	34.0
LMAAILAYT	180818	23.0
LMAGTLAVF	184856	38.0
LMCHATFTM	116289	37.0
LMCHATFTM	539170	41.0
LMCHATFTM	693587	24.0
LMCHATFTM	539189	32.0
LMCHATFTM	23797	18.0
LMCHATFTM	41622	18.0
LMCHATFTM	180507	41.0
LMCQPILLL	51443	46.0
LMGHFAWWT	957137	27.0
LMGHFAWWT	183252	28.0
LMGHFAWWT	37313	18.0
LMKRGDLPV	180611	43.0
LMMILPAAL	180662	30.0
LMMILPAAL	180390	34.0
LMMMLPATL	180662	39.0
LMMMLPATL	180717	22.0
LMMMLPATL	180390	43.0
LMMRTTWAL	870850	28.0
LMMRTTWAL	184453	41.0
LMMTTIGIV	37573	30.0
LMMTTIGIV	63582	22.0
LMMTTIGIV	150391	42.0
LMMTTIGVV	37573	29.0
LMMTTIGVV	150391	41.0
LMRRGDLPV	180611	46.0
LMRRGDLPV	419006	19.0
LMSGKDVFY	23621	24.0
LMWLSYFIA	143728	26.0
LMWLSYFIA	957090	17.0
LMWLSYFIA	1315219	49.0
LMWLSYFIA	39591	33.0
LMYFHRRDL	180579	40.0
LNKHIDAYK	68581	24.0
LNKHIDAYK	146213	24.0
LNKHIDAYK	37611	49.0
LNKHIDAYK	146188	24.0
LNKHIDAYK	1313394	49.0
LPAADLDDF	1330713	36.0
LPAADLDDF	179850	24.0
LPAIVREAI	180575	41.0
LPATLAFHL	180611	21.0
LPATLAFHL	180624	20.0
LPATLAFHL	32663	20.0
LPATLAFHL	66710	22.0
LPATLAFHL	180662	34.0
LPDDFMGCV	16832	23.0
LPDDFMGCV	16833	24.0
LPDDFMGCV	16836	26.0
LPDDFMGCV	32069	53.0
LPDDFMGCV	5191	24.0
LPDDFMGCV	1074952	47.0
LPDDFMGCV	745484	24.0
LPDDFMGCV	38701	24.0
LPDDFMGCV	16814	25.0
LPDDFMGCV	16813	24.0
LPDDFMGCV	16827	23.0
LPDDFMGCV	16830	23.0
LPDDFMGCV	16831	23.0
LPDDFTGCV	1074952	53.0
LPDDFTGCV	16836	23.0
LPDDFTGCV	32069	47.0
LPDTIETLM	184523	45.0
LPDTIETLM	184531	35.0
LPESLETLM	184531	43.0
LPESLETLM	184523	35.0
LPEYGTLGL	1332673	23.0
LPEYGTLGL	16839	18.0
LPFNDGVYF	1316333	52.0
LPFNDGVYF	1075093	52.0
LPGCDGGSL	107985	28.0
LPGCDGGSL	21638	21.0
LPIRYQTPA	116289	39.0
LPIRYQTPA	13346	35.0
LPIRYQTPA	17441	24.0
LPIRYQTPA	180647	44.0
LPIRYQTPA	288104	24.0
LPIRYQTPA	180617	48.0
LPIRYQTPA	13358	37.0
LPIRYQTPA	910638	23.0
LPIRYQTPA	538834	21.0
LPIRYQTPA	184884	38.0
LPIRYQTPA	538840	24.0
LPKEITVAT	1310529	32.0
LPKEITVAT	26759	43.0
LPLPWTSGA	180618	41.0
LPNNTASWF	38082	23.0
LPNNTASWF	55683	53.0
LPNNTASWF	38083	23.0
LPNNTASWF	190533	47.0
LPNNTASWF	1324011	32.0
LPNNTASWF	1323243	47.0
LPNNTASWF	43756	22.0
LPNNTASWF	21038	23.0
LPNNTASWF	69661	23.0
LPPAYTNSF	1315203	24.0
LPPAYTNSF	1319821	24.0
LPPLLTDEM	1332664	29.0
LPPLLTDEM	1310482	22.0
LPPLLTDEM	780376	22.0
LPPLLTDEM	1075094	47.0
LPPVYTNSF	1322744	22.0
LPPVYTNSF	1074951	22.0
LPRWYFYYL	1309129	54.0
LPRWYFYYL	1074988	54.0
LPSHSTRKL	58249	22.0
LPSHSTRKL	184554	25.0
LPSHSTRKL	180620	21.0
LPSIVREAL	180575	36.0
LPVNVAFEL	180662	22.0
LPVNVAFEL	66710	35.0
LPVRYMTTA	116289	37.0
LPVRYMTTA	13346	29.0
LPVRYMTTA	180647	31.0
LPVRYMTTA	180617	34.0
LPVRYMTTA	13358	31.0
LPVRYMTTA	184884	38.0
LPVWLAYKV	180611	47.0
LPVWLAYKV	16623	24.0
LPVWLAYKV	180624	50.0
LPVWLAYKV	180662	20.0
LPVWLAYKV	957083	22.0
LPVWLAYRV	180624	47.0
LPVWLAYRV	180611	50.0
LPVWLAYRV	180662	20.0
LPVWLSYKV	180624	47.0
LPVWLSYKV	180611	44.0
LPVWLSYKV	957083	23.0
LPVWLSYKV	16623	27.0
LPWTSGATT	36717	23.0
LPYPDASRI	1330660	43.0
LPYPDASRI	1327568	43.0
LPYPDASRI	1328306	43.0
LPYPDASRI	1315705	43.0
LPYPDASRI	38783	43.0
LPYPDPSRI	1330660	51.0
LPYPDPSRI	580550	26.0
LPYPDPSRI	1327568	51.0
LPYPDPSRI	1074928	26.0
LPYPDPSRI	1328306	51.0
LPYPDPSRI	1315705	51.0
LPYPDPSRI	38783	51.0
LPYPDVSRI	96257	23.0
LPYPDVSRI	1330660	42.0
LPYPDVSRI	13638	23.0
LPYPDVSRI	47017	23.0
LPYPDVSRI	1327568	42.0
LPYPDVSRI	1328306	42.0
LPYPDVSRI	1315705	42.0
LPYPDVSRI	38783	42.0
LPYPNPSRI	1330660	46.0
LPYPNPSRI	580550	26.0
LPYPNPSRI	1327568	46.0
LPYPNPSRI	1328306	46.0
LPYPNPSRI	1315705	46.0
LPYPNPSRI	38783	46.0
LQELGKYEQ	10112	22.0
LQELGKYEQ	59162	46.0
LQIPFAMQM	1074986	45.0
LQIPFAMQM	1323266	41.0
LQLPQGTTL	1075095	45.0
LQRKYGGAL	185279	34.0
LQSYGFQPT	957098	23.0
LQSYGFQPT	539595	25.0
LRHPGFTMM	180504	35.0
LRHPGFTMM	180818	51.0
LRIMASLVL	742143	24.0
LRVEAFEYY	911836	20.0
LSDRVVFVL	1332510	37.0
LSPRWYFYY	1309129	58.0
LSPRWYFYY	753459	27.0
LSPRWYFYY	1074988	58.0
LSPVRVPNY	116289	39.0
LSPVRVPNY	180450	19.0
LSPVRVPNY	79180	23.0
LSPVRVPNY	185741	44.0
LSRNKKPRI	62903	45.0
LSYFIASFR	1310831	40.0
LSYFIASFR	1315219	39.0
LSYFIASFR	435417	23.0
LSYFIASFR	1310394	29.0
LSYFIASFR	1075069	40.0
LTAAVLLLI	18062	29.0
LTAVVIPTK	116289	27.0
LTDEMIAQY	1332664	45.0
LTDEMIAQY	1075094	45.0
LTDFQSHQL	183245	32.0
LTDFQSHQL	69750	22.0
LTISPTAGI	184643	38.0
LTISPTAGI	184260	32.0
LTISPTAGI	25388	22.0
LTISPTAGI	19359	26.0
LTMKKKSWL	539924	29.0
LTNDDTSRY	1321401	43.0
LTNDNTSRY	1321401	48.0
LTWNDLIRL	146569	29.0
LTWNDLIRL	57986	26.0
LTWNDLIRL	57987	26.0
LTWNDLIRL	53341	26.0
LTWNDLIRV	146569	26.0
LTWNDLIRV	57986	26.0
LTWNDLIRV	57987	26.0
LTWNDLIRV	53341	26.0
LTYHGAIKL	538955	26.0
LTYHGAIKL	1313778	37.0
LTYHGAIKL	1143883	37.0
LTYHGAIKL	538954	25.0
LVAEWFLAY	1311552	41.0
LVAGGLLTV	6568	26.0
LVGLMWLSY	1315219	49.0
LVGLMWLSY	39591	25.0
LVIGAVILR	1315907	39.0
LVIGAVILR	1075044	34.0
LVIGAVILR	540773	23.0
LVIGAVILR	1310793	39.0
LVIGAVILR	1312531	27.0
LVIGFLFLT	1074875	34.0
LVIGFLFLT	20355	24.0
LVISGLFPV	180538	35.0
LVISGLFPV	419005	29.0
LVISGVFPV	180538	32.0
LVISGVFPV	419005	32.0
LVKNKCVNF	1309118	43.0
LVLSVNPYV	1256487	25.0
LVMAFIAFL	184835	37.0
LVRDLPQGF	26759	23.0
LWEGSPGKF	154346	26.0
LWLLWPVTL	1074889	54.0
LWPVTLACF	1074889	54.0
LYALVYFLH	1074908	40.0
LYALVYFLQ	1074908	45.0
LYAVATTIL	150639	34.0
LYDANYFLC	1332969	44.0
LYDANYFLC	1075003	53.0
LYDKLVSSF	1332947	44.0
LYDKLVSSF	1075076	25.0
LYIIKLIFL	1310685	42.0
LYLQYIRKL	27983	21.0
LYLYALVYF	1074908	47.0
LLYDANYFL	1332969	48.0
LLYDANYFL	1075003	48.0
LYQPPQTSI	32268	27.0
LYQPPQTSI	135263	27.0
MACLVGLMW	4909	25.0
MACLVGLMW	4910	25.0
MACLVGLMW	119822	25.0
MACLVGLMW	1315219	43.0
MACLVGLMW	490745	21.0
MACLVGLMW	1074842	41.0
MACLVGLMW	52509	25.0
MADVPLQWI	180618	24.0
MAEIPLQWI	180618	25.0
MAFIAFLRF	184835	29.0
MAILGDTAW	1319910	25.0
MAILGDTAW	539656	23.0
MAILGDTAW	190856	23.0
MAILGDTAW	1075058	25.0
MAILGDTAW	27061	40.0
MAILGDTAW	180726	49.0
MAILGDTAW	580287	22.0
MAISGDDCV	57987	29.0
MAISGDDCV	539656	48.0
MAISGDDCV	190856	48.0
MAISGDDCV	539435	39.0
MAISGDDCV	539436	39.0
MAISGDDCV	177613	42.0
MAISGDDCV	180726	23.0
MAISGDDCV	539065	43.0
MALVAFLRF	1074908	21.0
MAMTDTTPF	180643	48.0
MANIFRGSY	1075071	22.0
MASGGGETA	11455	28.0
MAVGMVSIL	183779	40.0
MDLEKRHVL	184337	35.0
MDLEKRHVL	1328556	21.0
MDLEKRHVL	183781	46.0
MEGVFHTMW	43627	20.0
MEVQLVRQM	183275	31.0
MEVTPSGTW	26273	52.0
MEVTPSGTW	193441	47.0
MEVTPSGTW	71461	42.0
MEVTPSGTW	1143883	52.0
MEVTPSGTW	1312574	52.0
MEVTPSGTW	1313778	38.0
MEVTPSGTW	190494	52.0
MEVTPSGTW	42648	52.0
MEVTPSGTW	1074910	52.0
MEVTPSGTW	1074911	52.0
MFDAYVNTF	1315203	32.0
MFDAYVNTF	1319821	49.0
MFTPLVPFW	68229	25.0
MFTPLVPFW	17449	21.0
MFTPLVPFW	190509	25.0
MFTPLVPFW	422989	31.0
MFTPLVPFW	30815	30.0
MGLGKGWPL	150387	54.0
MGLGKGWPL	957051	29.0
MGLGKGWPL	16623	29.0
MGYWIESAL	180689	46.0
MGYWIESAL	75674	24.0
MIAGVFFTF	183587	46.0
MIAGVFFTF	180756	24.0
MIAQYTSAL	37104	31.0
MIAQYTSAL	952186	23.0
MIAQYTSAL	1075094	30.0
MIDVQQWGF	63286	31.0
MIDVQQWGF	63285	31.0
MIDVQQWGF	11014	31.0
MILSDDAVV	419024	22.0
MILSDDAVV	1087379	32.0
MIRILIGLL	185817	32.0
MITPRSPSV	910351	24.0
MITPRSPSV	141231	23.0
MKDLSPRWY	1309129	38.0
MKDLSPRWY	753459	27.0
MKDLSPRWY	1074988	38.0
MLIPTAMAF	180662	28.0
MLLGSMLYM	141407	27.0
MLLMLLPTA	180390	24.0
MLQGRGPLK	184378	42.0
MLRIMASLV	742143	24.0
MLRTRVGTK	186041	30.0
MLVTPSMAM	186303	24.0
MLVTPSMTM	186303	24.0
MLWCKDGHV	37136	23.0
MLWCKDGHV	186234	25.0
MLWCKDGHV	37127	22.0
MLWMADVPL	140600	22.0
MLWMADVPL	7338	33.0
MLWMAEIPL	7338	35.0
MMFTSDLAT	1087413	28.0
MMILPAALA	180390	30.0
MMILPAALA	180662	34.0
MMILSDDAV	419024	22.0
MMILSDDAV	1087379	28.0
MMISAGFSL	27516	19.0
MMLPATLAF	180611	20.0
MMLPATLAF	180390	34.0
MMLPATLAF	180624	20.0
MMLPATLAF	66710	22.0
MMLPATLAF	180662	44.0
MMMLPATLA	180390	39.0
MMMLPATLA	180717	21.0
MMMLPATLA	180662	43.0
MNRRKRSVT	185492	33.0
MPASWVMRI	27878	24.0
MPLSAPTLL	51532	24.0
MPLSAPTLL	423061	24.0
MPLVMAWRT	193060	22.0
MPLVMAWRT	56620	22.0
MPLVMAWRT	102254	22.0
MPLVMAWRT	193071	24.0
MPLVMAWRT	538938	22.0
MPLVMAWRT	102046	22.0
MPVMKRYSA	419017	42.0
MPVMKRYSA	25237	22.0
MPVTAASAA	183819	25.0
MPVTAASAA	180538	25.0
MPVTAASAA	150451	32.0
MPVTAASAA	180670	37.0
MPVTHSSAA	150451	45.0
MPVTHSSAA	180670	31.0
MPVTVASAA	150451	31.0
MPVTVASAA	1321988	24.0
MPVTVASAA	180670	41.0
MPYFFTLLL	1321993	44.0
MPYIFTLLL	1321993	38.0
MQRKHGGML	116289	24.0
MQRKHGGML	185279	49.0
MRGAKRMAI	184900	43.0
MSALNHTKK	1322019	46.0
MSDNGPQNQ	952201	26.0
MSDNGPQNQ	1309131	50.0
MSLNGPQNQ	1309131	40.0
MSNLGMPSY	32174	24.0
MSTYGWNIV	102368	23.0
MSTYGWNIV	180675	50.0
MSTYGWNIV	150308	43.0
MSTYGWNIV	150309	46.0
MSTYGWNIV	37830	22.0
MSTYGWNIV	66567	23.0
MSTYGWNIV	539595	38.0
MSTYGWNIV	1323761	28.0
MSTYGWNLV	102368	23.0
MSTYGWNLV	180675	52.0
MSTYGWNLV	150308	45.0
MSTYGWNLV	150309	48.0
MSTYGWNLV	37830	20.0
MSTYGWNLV	66567	23.0
MSTYGWNLV	539595	40.0
MSTYGWNLV	1323761	28.0
MSYAMCLNA	150456	31.0
MSYAMCLNA	693587	25.0
MSYAMCLNA	184412	38.0
MSYSMCTGK	150456	50.0
MSYSMCTGK	693587	32.0
MSYSMCTGK	184412	31.0
MSYTMCSGK	150456	43.0
MSYTMCSGK	693587	25.0
MSYTMCSGK	184412	30.0
MTAGIFLFF	71322	25.0
MTAGIFLFF	580534	17.0
MTAGIFLFF	190535	25.0
MTDTTPFGQ	180643	50.0
MTDTTPFGQ	993667	22.0
MTDTTPFGQ	754814	37.0
MTIALDPVI	71734	22.0
MTLWYMWQV	903398	28.0
MTLWYMWQV	1074889	30.0
MTLWYMWQV	190577	28.0
MTLWYMWQV	190556	28.0
MTLWYMWQV	190589	28.0
MTQKARDAL	180620	29.0
MTQKARNAL	180620	29.0
MTSCCSCLK	110184	31.0
MTSCCSCLK	60931	26.0
MTSCCSCLK	6668	54.0
MVLLQMEDK	184467	34.0
MVLLQMEDK	150399	25.0
MVLLQMENK	184467	29.0
MVLLQMENK	150399	30.0
MVMCGGSLY	42972	50.0
MVRILIGFL	185817	37.0
MVTNNTFTL	15233	26.0
MVTNNTFTL	15234	26.0
MYADDTAGW	580546	23.0
MYKGLPWNV	910469	28.0
MYKGLPWNV	910506	29.0
MYKGLPWNV	873453	29.0
MYKGLPWNV	872298	29.0
MYVKWPWYV	1075120	54.0
MYVKWPWYV	1323673	54.0
MYVKWPWYV	74407	30.0
NATRFASVY	1074885	45.0
NATRFASVY	1323761	30.0
NATRFASVY	1316109	45.0
NEGVMAVGL	183779	24.0
NFKDQVILL	1312709	36.0
NFKDQVILL	957095	19.0
NFNKDFYDF	1330429	26.0
NGVGYQPYR	1074918	37.0
NIADYNYKL	6636	26.0
NIADYNYKL	779949	24.0
NIADYNYKL	779921	25.0
NIADYNYKL	1314137	26.0
NIADYNYKL	10939	24.0
NIADYNYKL	1075039	43.0
NLDAVPTGY	993667	30.0
NLDAVPTGY	107748	23.0
NLDAVPTGY	107749	27.0
NLDAVPTGY	10790	27.0
NLDAVPTGY	67764	27.0
NLDAVPTGY	4917	27.0
NLDAVPTGY	108181	27.0
NLDAVPTGY	4916	23.0
NLDAVPTGY	108180	23.0
NLDAVPTGY	108153	23.0
NLDAVPTGY	108154	27.0
NLDAVPTGY	539286	23.0
NLDESLIDL	1310658	28.0
NLDESLIDL	852044	26.0
NLDESLIDL	856658	26.0
NLDYIINLI	1074966	39.0
NLDYIINLI	1074927	31.0
NLIIKNLSK	1087357	32.0
NLLLLFVTV	1074899	41.0
NLNESLIDL	1310658	33.0
NLSDRVVFV	1332510	43.0
NLTSTWVTY	26273	30.0
NLTSTWVTY	193441	30.0
NLTSTWVTY	71461	30.0
NLTSTWVTY	1143883	30.0
NLTSTWVTY	1312574	30.0
NLTSTWVTY	1313778	30.0
NLTSTWVTY	182707	45.0
NLTSTWVTY	14902	30.0
NLTSTWVTY	1074910	30.0
NPANNAAIV	1075032	45.0
NPANNAAIV	1310677	45.0
NPANNASIV	1075032	42.0
NPANNASIV	1310677	42.0
NPANNVAIV	1075032	41.0
NPANNVAIV	1310677	41.0
NPITLTAAL	55236	23.0
NPKTPKYKF	101813	17.0
NPLTLTAAV	102032	24.0
NPLLYDANY	1332969	51.0
NPLLYDANY	1075003	51.0
NPRLCTREE	110338	26.0
NPRLCTREE	180483	43.0
NPRLCTREE	110306	26.0
NPRLCTREE	110373	26.0
NPRLCTREE	419048	46.0
NPRLCTREE	180684	51.0
NPRLCTREE	32085	26.0
NPRLCTREE	62903	33.0
NPRLCTREE	180728	45.0
NPRLCTREE	180571	43.0
NPRLCTREE	180572	45.0
NPRLCTREE	150655	43.0
NPWMEDKTH	98244	31.0
NQKLIANQF	1327923	45.0
NRFLYIIKL	1323210	41.0
NRFLYIIKL	1310685	45.0
NRRKRSVTM	185492	38.0
NSALTLHWF	142233	31.0
NSALTLHWF	1315196	22.0
NSASFSTFK	1075125	44.0
NSFSGYLKL	1317128	23.0
NSFSGYLKL	1333964	33.0
NSFSGYLKL	1310685	16.0
NSFTRGVYY	1328804	43.0
NSIAIPTNF	1074865	46.0
NSRNTSMAM	184377	27.0
NSRNTSMAM	183708	27.0
NSRSTSLSV	184377	32.0
NSRSTSLSV	183708	32.0
NSRSTSLSV	185758	34.0
NSTRFASVY	1074885	42.0
NSTRFASVY	1323761	30.0
NSTRFASVY	1316109	42.0
NSTSTWVTY	26273	30.0
NSTSTWVTY	193441	30.0
NSTSTWVTY	55683	29.0
NSTSTWVTY	189571	25.0
NSTSTWVTY	71461	30.0
NSTSTWVTY	1143883	30.0
NSTSTWVTY	1323243	25.0
NSTSTWVTY	1074910	30.0
NSTSTWVTY	1313778	30.0
NSTSTWVTY	182707	39.0
NSTSTWVTY	14902	29.0
NSTSTWVTY	69661	24.0
NSTSTWVTY	1312574	30.0
NTASWFTAL	55683	41.0
NTFSSTFNV	1315203	36.0
NTFSSTFNV	1075063	29.0
NTPEGIIPA	957124	20.0
NTPEGIIPA	185125	48.0
NTPEGIIPA	35238	45.0
NTPEGIIPA	35237	48.0
NTPEGIIPA	180778	38.0
NTPEGIIPA	65550	39.0
NTPEGIIPA	180850	38.0
NTPEGIIPA	150643	42.0
NTPEGIIPA	150644	39.0
NTPEGIIPA	180407	45.0
NTQEVFAQV	1075019	33.0
NTQEVFAQV	1316108	28.0
NTQEVFAQV	1323207	33.0
NTSNQVAVL	1322706	42.0
NTSNQVAVL	957058	19.0
NVEPHWIAA	50894	23.0
NVFAFPFTI	1074996	48.0
NVHTWTEQY	33912	27.0
NVHTWTEQY	75718	23.0
NVHTWTEQY	79390	24.0
NVILLNKHI	1313394	39.0
NVILLNKHI	37611	31.0
NVIPTITQM	161186	27.0
NVLEGSVAY	1325791	44.0
NVTQAFGRR	51250	30.0
NVTQAFGRR	534068	30.0
NYADRRWCF	62564	48.0
NYADRRWCF	180360	59.0
NYADRRWCF	34605	46.0
NYADRRWCF	46575	56.0
NYADRRWCF	62616	44.0
NYADRRWCF	27770	59.0
NYIKWPWWV	1075120	50.0
NYIKWPWWV	1323673	50.0
NYIKWPWWV	74407	27.0
NYMPYFFTL	1321993	40.0
NYMPYFFTL	957091	22.0
NYMPYFFTL	989700	22.0
NYNYLYRLF	159136	32.0
NYNYLYRLF	1320009	37.0
NYNYLYRLF	1075012	52.0
NYNYLYRLF	189799	23.0
NYNYRYRLF	1320009	31.0
NYNYRYRLF	1075012	46.0
NYNYRYRLF	189799	30.0
PATLFVWYF	183819	26.0
PFFSNVTWF	1074888	55.0
PFFSNVTWF	1316697	49.0
PFFSNVTWF	37822	23.0
PFFSNVTWF	1329407	33.0
PLNEGIMAV	1316333	24.0
PLNEGIMAV	1075093	24.0
PLPLFIFNL	154296	22.0
PMAAYGWNL	180675	40.0
PMAAYGWNL	150308	50.0
PMAAYGWNL	150309	47.0
PMAAYGWNL	539595	39.0
PPEVERAVL	47017	21.0
PPEVERAVL	13638	21.0
PPFGESNIV	116289	23.0
PPFGESNIV	23807	23.0
PPKVHFYYL	1325414	23.0
PQFKDNVIL	1312709	32.0
PTDNYITTY	1316124	26.0
PTDNYITTY	1074845	52.0
PTDNYITTY	1325390	45.0
PTDSYITTY	1074845	47.0
PTDSYITTY	1325390	40.0
PTLDIELLK	693611	33.0
PVRYMTTAV	116289	37.0
PVRYMTTAV	13346	27.0
PVRYMTTAV	180647	27.0
PVRYMTTAV	180617	33.0
PVRYMTTAV	13358	27.0
PVRYMTTAV	184884	40.0
PVTLACFVL	1074889	47.0
PVTLACFVL	11956	24.0
PVTLACFVL	64710	36.0
PWYIWLGFI	1074875	24.0
PWYIWLGFI	76532	16.0
PYNSVTSSI	1087360	45.0
PYNSVTSSI	1318850	45.0
PYNSVTSSI	952173	25.0
PYRVVVLSF	1323467	35.0
PYRVVVLSF	1313517	31.0
PYRVVVLSF	1074918	45.0
PYRVVVLSF	51999	45.0
QASSRSSSR	60380	39.0
QECSLQSCT	8064	23.0
QECSLQSCT	13456	23.0
QEGAMHTAL	538625	27.0
QEILGTVSW	1319910	48.0
QEILGTVSW	957137	29.0
QEILGTVSW	1075058	48.0
QEILGTVSW	27061	25.0
QEILGTVSW	180726	25.0
QELGKYEQY	10112	22.0
QELGKYEQY	59162	49.0
QFAYANRNR	1074985	48.0
QFAYANRNR	1323210	48.0
QIAPGQTGK	1075039	47.0
QIAQFAPSA	1323209	30.0
QIAQFAPSA	1311554	34.0
QIAQFAPSA	3957	34.0
QIDNFSLGV	59090	26.0
QILEENMEV	184316	31.0
QILEENMEV	184318	34.0
QIYKTPPIK	1330491	44.0
QIYKTPPIK	1074959	49.0
QLAKRFSRG	184265	39.0
QLCTQHQPY	102819	26.0
QLEMELTPV	1321779	30.0
QLKGMSYSM	693587	34.0
QLKGMSYSM	184571	45.0
QLKGMSYSM	184412	37.0
QLMCQPILL	51443	47.0
QLNRALTGI	1087411	43.0
QLQQSMSSA	1074895	28.0
QLTPTWRVY	1125174	20.0
QLTPTWRVY	1318459	37.0
QLTPTWRVY	1626876	53.0
QLTPTWRVY	1326246	37.0
QLWATLLSL	183245	33.0
QMAPISAMV	1311576	38.0
QPESNILDI	1075057	27.0
QPESNILDI	1324411	27.0
QPESNILDI	11804	23.0
QPESNILDI	1325865	27.0
QPGQTFSVL	44833	24.0
QPGQTFSVL	38494	24.0
QPKPGTRMV	110725	23.0
QPKPGTRMV	538982	28.0
QPKPGTRMV	61832	30.0
QPKPGTRMV	538984	23.0
QPKPGTRMV	538986	23.0
QPKPGTRMV	230030	28.0
QPKPGTRMV	180437	26.0
QPRVEKKKL	180437	20.0
QPRVEKKKL	1319977	26.0
QPRVEKKKL	36621	23.0
QPRVEKKKL	74590	23.0
QPTESIVRF	1325420	33.0
QPTESIVRF	1310745	45.0
QPTESIVRF	1313203	45.0
QPTESIVRF	1075108	45.0
QPYRVVVLS	1323467	40.0
QPYRVVVLS	1313517	25.0
QPYRVVVLS	1074918	44.0
QPYRVVVLS	51999	44.0
QQMDPEHRL	1075046	25.0
QQQGQTVTK	52129	45.0
QRNAPRITF	1317715	47.0
QRNAPRITF	1309131	47.0
QRNAPRITF	1309133	47.0
QSAPHGVVF	1074891	48.0
QSAPHGVVF	1330420	39.0
QSAPHGVVF	1324414	48.0
QSAPHGVVF	1074847	39.0
QSASKIITL	1324282	34.0
QSCTQHQPY	102819	26.0
QTNSPRRAR	1324899	30.0
QTNSPRRAR	1075070	46.0
QVILLNKHI	1313394	44.0
QVILLNKHI	37611	31.0
QVVSDIDYV	1314137	25.0
QWNLVIGFL	1074875	50.0
QWNLVIGFL	1315749	40.0
QYGSFCTQL	22322	39.0
QYGSFCTQL	37724	42.0
QYIFTGQPL	189706	23.0
QYIFTGQPL	116835	23.0
QYIKWPWYI	1075120	61.0
QYIKWPWYI	1323673	61.0
QYIKWPWYI	74407	28.0
QYIKWPWYV	1075120	60.0
QYIKWPWYV	1323673	60.0
QYIKWPWYV	74407	29.0
QYIYMGEPL	1331178	25.0
QYIYMGEPL	65810	24.0
QYIYMGQPL	1331178	25.0
QYSDRRWCF	62564	48.0
QYSDRRWCF	180360	50.0
QYSDRRWCF	34605	48.0
QYSDRRWCF	910318	22.0
QYSDRRWCF	46575	47.0
QYSDRRWCF	62616	44.0
QYSDRRWCF	27770	50.0
RAAEIRASA	1074838	30.0
RAAVEDEEF	164551	23.0
RARLVSPKL	1075024	36.0
RARLVSPKL	1310741	32.0
RARSVSPKL	1075024	42.0
RARSVSPKL	1310741	38.0
RAVHADMGY	180689	49.0
REDLWCGSL	184130	54.0
REDLWCGSL	184131	48.0
REDLWCGSL	111404	23.0
REDLWCGSL	854	21.0
REDLWCGSL	79351	23.0
REDQWCGSL	184130	48.0
REDQWCGSL	184131	55.0
RELKCGSGI	71265	26.0
RELKCGSGI	71266	26.0
RFASALTAL	539144	40.0
RFASALTAL	151001	26.0
RFASALTAL	540100	37.0
RFDNPVLPF	1316333	46.0
RFLYIIKLI	1323210	35.0
RFLYIIKLI	1310685	43.0
RIAGHHLGR	1312531	35.0
RIAGHHLGR	1323796	50.0
RIAGHHLGR	1074919	50.0
RIDKVLNEK	1316346	28.0
RIMASLVLA	742143	24.0
RIMTWLDMV	57986	29.0
RIMTWLDMV	57987	29.0
RIMTWLDMV	693607	28.0
RIMTWLDMV	53341	29.0
RIMTWLDMV	186175	25.0
RIRGGDGKM	1075028	48.0
RIRGGDGKM	873453	26.0
RKKARSTPF	142194	23.0
RKRISNCVA	1313442	36.0
RKRISNCVA	1075029	36.0
RLCAYCCNI	20786	31.0
RLCAYCCNI	20787	31.0
RLFARTRSM	1310394	43.0
RLFARTRSM	1313451	43.0
RLFARTRSM	1075030	43.0
RLFARTRSM	1403183	38.0
RLIDAMMFT	957058	23.0
RLITANPVV	591739	42.0
RLITANPVV	156949	24.0
RLITANPVV	193551	24.0
RLITVNPIV	591739	37.0
RLLLNRSTM	54587	16.0
RLLLNRSTM	184453	21.0
RLLTKPWDV	161186	51.0
RLQSLQIYV	1074971	37.0
RLQSLQIYV	1323919	33.0
RLQSLQTYV	1074971	43.0
RLQSLQTYV	1323919	39.0
RLVDPQIQL	37170	23.0
RLYYDSMSY	1331013	49.0
RLYYDSMSY	92301	26.0
RNRFLYIIK	1074985	33.0
RNRFLYIIK	1323210	46.0
RNRFLYIIK	1310685	46.0
RNRRKRSVT	185492	33.0
RPASAWTLY	183594	46.0
RPASAWTLY	116835	22.0
RPDTRYVLM	1311209	43.0
RPDTRYVLM	1333636	43.0
RPIDDRFGL	190723	36.0
RPIDDRFGL	540100	36.0
RPIDDRFGL	539144	34.0
RPIDDRFGL	190856	36.0
RPIDDRFGL	539145	34.0
RPIDDRFGL	539435	36.0
RPIDDRFGL	539436	34.0
RPIDDRFGL	177613	34.0
RPIDDRFGL	539149	30.0
RPIDDRFGL	539656	30.0
RPIDDRFGL	194449	21.0
RPIDDRFGL	178071	34.0
RPIDDRFGL	539065	34.0
RPKWLDARV	910633	35.0
RPKWLDARV	30266	31.0
RPKWLDARV	753459	34.0
RPMFAVGLL	185468	45.0
RPMFAVGLL	419037	43.0
RPMFAVGLL	1332142	19.0
RPMPGTRKV	110725	22.0
RPMPGTRKV	538982	27.0
RPMPGTRKV	61832	28.0
RPMPGTRKV	538984	22.0
RPMPGTRKV	538986	22.0
RPMPGTRKV	230030	27.0
RPMPGTRKV	180728	16.0
RPMPGTRKV	55295	22.0
RPPLNRNYV	62355	26.0
RPPLNRNYV	18390	26.0
RPQGLSNNT	1324011	43.0
RPQGLSNNT	55683	43.0
RPQGLSNNT	190533	38.0
RPQGLSNNT	1323243	31.0
RPRLCTREE	110338	26.0
RPRLCTREE	180483	43.0
RPRLCTREE	110306	26.0
RPRLCTREE	110373	26.0
RPRLCTREE	419048	45.0
RPRLCTREE	180684	45.0
RPRLCTREE	32085	26.0
RPRLCTREE	62903	35.0
RPRLCTREE	180728	50.0
RPRLCTREE	180571	45.0
RPRLCTREE	180572	47.0
RPRLCTREE	150655	43.0
RPRWLDART	910633	33.0
RPRWLDART	30266	30.0
RPRWLDART	753459	37.0
RPRWLDARV	910633	34.0
RPRWLDARV	30266	31.0
RPRWLDARV	753459	37.0
RPTFAAGLL	185468	35.0
RPTFAAGLL	419037	33.0
RPTPKGAVM	107754	22.0
RPTPKGTVM	116289	22.0
RPTPKGTVM	107754	22.0
RPTPRGAVM	1125240	20.0
RPTPRGAVM	107754	21.0
RPTPRGTVM	1125240	20.0
RPTPRGTVM	116289	21.0
RPTPRGTVM	107754	21.0
RPTPTGTVM	957056	25.0
RPTPTGTVM	116289	22.0
RPTPTGTVM	957063	25.0
RPTPTGTVM	107754	22.0
RPTPTGTVM	989259	25.0
RPTPTGTVM	957104	25.0
RPTPTGTVM	79506	25.0
RQKRTATKA	51250	34.0
RQMEGEGIF	185485	41.0
RQMEGEGVL	185485	34.0
RQWFLDLPL	41407	37.0
RSDTRYVLM	1311209	35.0
RSDTRYVLM	1333636	35.0
RSVASQSII	1325128	33.0
RSVASQSII	1075041	38.0
RSWNSGHEW	539682	26.0
RSWNSGHEW	693603	20.0
RSWNSGHEW	180428	22.0
RSWNSGHEW	180440	60.0
RSWNSGHEW	53246	51.0
RSWNSGHEW	41407	20.0
RTAPHGHEL	1310280	33.0
RTAPHGHEL	1074891	27.0
RTAPHGHEL	1324414	27.0
RTAPHGHVM	1310280	42.0
RTAPHGHVM	1074891	28.0
RTAPHGHVM	1324414	28.0
RTAPHGHVV	37127	23.0
RTAPHGHVV	1310280	38.0
RTAPHGHVV	1074891	28.0
RTAPHGHVV	37136	23.0
RTAPHGHVV	23601	23.0
RTAPHGHVV	1324414	28.0
RTATKAYNV	51250	40.0
RTEHTGREI	116289	27.0
RTEHTGREI	180507	33.0
RTIKVFTTV	1075045	21.0
RTLRVLNLV	180774	36.0
RTNDWDFVV	72233	24.0
RTNDWDFVV	1576700	25.0
RTRSMWSFN	1325865	46.0
RTRSMWSFN	1313451	51.0
RTRSMWSFN	1075057	36.0
RTRSMWSFN	1324086	45.0
RTRSMWSFN	1075030	35.0
RTRSMWSFN	1310394	35.0
RTRSMWSFN	120187	24.0
RTSWAFCEA	154996	20.0
RTSWAFCEA	184453	32.0
RTTWSIHAK	184453	27.0
RVAGDSGFA	1324090	45.0
RVAGDSGFA	1324091	45.0
RVAGDSGFA	1324092	45.0
RVAGDSGFA	1087314	45.0
RVCSDHAAL	7353	25.0
RVIDPRRCL	150556	49.0
RVIDPRRCL	56310	47.0
RVIDPRRCM	150556	47.0
RVIDPRRCM	56310	50.0
RVIDSRRCL	150556	41.0
RVIDSRRCL	56310	39.0
RVLKMVEPW	56344	38.0
RVLKMVEPW	180774	33.0
RVPNYNLVI	116289	41.0
RVPNYNLVI	1332673	24.0
RVPNYNLVI	185741	37.0
RVVVLSFEL	1313517	40.0
RVVVLSFEL	1074918	31.0
RVVVLSFEL	51999	31.0
RVYANLGER	169658	24.0
RVYANLGER	27981	23.0
RVYSTGSNV	1075112	40.0
RVYSTGSNV	1325105	29.0
RVYSTGSNV	102368	22.0
RVYSTGSNV	1324117	45.0
RYLALYNKY	156552	21.0
RYMGEDGCW	180738	60.0
RYMGEDGCW	120127	23.0
RYMNSQGLL	17657	42.0
RYRIGNYKL	1328646	45.0
RYRIGNYKL	1328647	49.0
RYRIGNYKL	1324427	45.0
RYRIGNYKL	1087403	25.0
RYRIGNYKL	110846	14.0
SACVLAAEC	580183	25.0
SAFFGMSRI	3810	31.0
SAFFGMSRI	56979	40.0
SAFFGMSRI	3957	40.0
SAKNRARTV	1327881	33.0
SAKSASVYY	1315753	36.0
SALNHTKKW	1322019	52.0
SALNHTKKW	189571	23.0
SANNCTFEY	1313194	38.0
SANNCTFEY	1310820	52.0
SANNCTFEY	1327695	40.0
SANNCTFEY	1075111	52.0
SASKIITLK	1324282	39.0
SEFSSLPSY	96156	17.0
SEHTGREIV	1332000	22.0
SEHTGREIV	116289	31.0
SEHTGREIV	180507	37.0
SEHTGREIV	1324356	22.0
SEIIGYKAI	1074923	30.0
SELVIGAVI	1310793	39.0
SELVIGAVI	1315907	35.0
SELVIGAVI	1075044	39.0
SFKEELDKY	10112	47.0
SFKEELDKY	59162	22.0
SFKEELDKY	327	23.0
SFLPGVYSV	1316699	42.0
SFLPGVYSV	1321053	36.0
SFNPETNIL	187163	24.0
SFNPETNIL	1125154	23.0
SFNPETNIL	1325865	47.0
SFNPETNIL	1075057	47.0
SFNPETNIL	1125234	23.0
SFNPETNIL	187158	25.0
SFNPETNIL	1324411	47.0
SFRLFARTR	1313451	34.0
SFRLFARTR	1403183	34.0
SFRLFARTR	1075030	34.0
SFRLFARTR	1310394	44.0
SFRLFARTR	1075069	29.0
SFYVYSRVK	1406394	36.0
SFYVYSRVK	1310429	42.0
SFYVYSRVK	58463	23.0
SFYYVWKSY	1421	26.0
SFYYVWKSY	1332015	51.0
SGGGETALA	19442	28.0
SGMLWMAEV	7338	29.0
SGMLWMAEV	910626	24.0
SHRRARSVA	1324899	29.0
SHRRARSVA	154196	22.0
SHRRARSVA	1075070	33.0
SIIAYTMSL	1075041	41.0
SIIAYTMSL	11500	26.0
SIIQFPNTY	1310745	31.0
SIIQFPNTY	1075108	31.0
SIIQFPNTY	1313203	31.0
SIIQFPNTY	1325420	31.0
SIVAYTMSL	1075041	40.0
SIVAYTMSL	11500	27.0
SIWNLDYII	1310776	42.0
SIWNLDYII	39591	22.0
SIWNLDYII	1311552	23.0
SIWNLDYII	1074927	50.0
SLDNVLSTF	146005	23.0
SLDNVLSTF	1074839	28.0
SLEDKAFQL	1332593	39.0
SLGKSEFQI	37364	24.0
SLLFKTASG	150571	33.0
SLLMPILTL	957126	23.0
SLPFGWLIV	180618	24.0
SLPFGWLIV	1321047	46.0
SLPGVFCGV	1074952	18.0
SLPGVFCGV	32069	18.0
SLPGVFCGV	6437	22.0
SLSHRFYRL	98466	24.0
SLSHRFYRL	59459	24.0
SLSSTASAL	1074989	33.0
SLSVSLVLV	185758	24.0
SMDNSPNLA	1333584	22.0
SMDNSPNLA	1075043	42.0
SMDNSPNLA	5542	20.0
SMFEPEREK	104114	19.0
SMFEPEREK	35237	36.0
SMFEPEREK	65550	42.0
SMGLITIAV	534600	26.0
SMGLITIAV	145256	23.0
SMINGVVKL	59561	35.0
SMINGVVKL	910642	39.0
SMMILSDDA	419024	22.0
SMVNGVVKL	59561	36.0
SMVNGVVKL	910642	38.0
SMVNGVVRL	59561	39.0
SMVNGVVRL	910642	35.0
SMWALIISV	1074875	20.0
SMWALIISV	1315749	20.0
SMWALVISV	37960	24.0
SMWALVISV	1074875	21.0
SMWALVISV	1315749	21.0
SMWSFNPET	187163	24.0
SMWSFNPET	1125154	23.0
SMWSFNPET	1125243	24.0
SMWSFNPET	1325865	53.0
SMWSFNPET	154346	28.0
SMWSFNPET	1313451	48.0
SMWSFNPET	1075057	53.0
SMWSFNPET	1125234	23.0
SMWSFNPET	187158	25.0
SMWSFNPET	1125240	27.0
SMWSFNPET	1324411	33.0
SPDDQIGYY	1541833	52.0
SPDDQIGYY	1075010	52.0
SPDDQIGYY	1566060	27.0
SPGTSGSPI	22817	36.0
SPGTSGSPI	22818	36.0
SPGTSGSPI	22819	36.0
SPGTSGSPI	22820	36.0
SPGTSGSPI	5542	47.0
SPGTSGSPI	22822	36.0
SPGTSGSPI	22823	36.0
SPGTSGSPI	22825	36.0
SPGTSGSPI	17802	47.0
SPGTSGSPI	22824	36.0
SPGTSGSPI	64489	27.0
SPGTSGSPI	180750	47.0
SPGTSGSPI	733874	33.0
SPGTSGSPI	733875	36.0
SPIFLIVAA	1075107	33.0
SPKLHFYYL	1309129	37.0
SPKLHFYYL	1074988	37.0
SPKLHFYYL	1325414	26.0
SPNLAWPLI	79337	31.0
SPRRARSVA	1324899	38.0
SPRRARSVA	154196	29.0
SPRRARSVA	1075070	42.0
SPRWYFYYL	1309129	58.0
SPRWYFYYL	1074988	58.0
SPYNSQNAV	1317715	23.0
SPYNSQNAV	1309131	23.0
SQLAKRFSK	184265	30.0
SRRRARSVA	1324899	29.0
SRRRARSVA	154196	22.0
SRRRARSVA	1075070	33.0
SRTLSYYKL	1310529	41.0
SRTLSYYKL	66952	29.0
SRTLSYYKL	1075083	41.0
SRTLSYYKL	1310622	31.0
SRTLSYYKL	1315000	45.0
SRTLSYYKL	1334141	36.0
SRTLSYYKL	5150	41.0
SSAKSASVY	1315753	40.0
SSGDATTAY	66426	45.0
SSMVNGVVK	59561	32.0
SSMVNGVVK	910642	34.0
SSNVANYQK	1315593	24.0
SSTASALGK	1074989	40.0
STANVSLAA	64286	31.0
STDTVVEHV	1075064	38.0
STDVTIATY	1322636	39.0
STECSNLLL	1325401	41.0
STFNVPMEK	179762	22.0
STFNVPMEK	910268	19.0
STFNVPMEK	1075063	47.0
STNVTIATY	1322636	44.0
STQDLFLPF	1075065	47.0
STRVPNYNL	116289	39.0
STRVPNYNL	1332673	24.0
STRVPNYNL	185741	37.0
STSLSVSLV	185758	33.0
STVFPPTSF	33668	25.0
STVFPPTSF	1319977	25.0
STVFPPTSF	17354	35.0
STVFPPTSF	37611	25.0
STVFPPTSF	1074864	25.0
STVFPPTSF	1328121	25.0
STYGWNIVK	102368	23.0
STYGWNIVK	180675	47.0
STYGWNIVK	150308	38.0
STYGWNIVK	150309	41.0
STYGWNIVK	66567	23.0
STYGWNIVK	539595	33.0
STYGWNIVK	1323761	28.0
STYGWNLVR	102368	23.0
STYGWNLVR	180675	52.0
STYGWNLVR	150308	40.0
STYGWNLVR	150309	43.0
STYGWNLVR	66567	23.0
STYGWNLVR	539595	35.0
STYGWNLVR	1323761	28.0
SVIYLYLTF	79351	22.0
SVKGLQPSV	187163	22.0
SVKKDLVSY	62184	42.0
SVKKDLVSY	25929	38.0
SVKKDLVSY	50894	42.0
SVKKDLVSY	790	38.0
SVLNDILSR	1075066	41.0
SVTTEILPV	1074898	31.0
SVYAWNRKR	180675	29.0
SVYAWNRKR	150309	28.0
SVYAWNRKR	1597047	17.0
SVYAWNRKR	1323761	41.0
SVYAWNRKR	1327895	43.0
SVYAWNRKR	1576573	28.0
SWMESEFRV	1074961	49.0
SWMESEFRV	1313211	49.0
SWMESEFRV	1325190	49.0
SYFIASFRL	1310831	44.0
SYFIASFRL	1315219	35.0
SYFIASFRL	435417	23.0
SYFIASFRL	1310394	33.0
SYFIASFRL	1075069	44.0
SYKVASEGF	186559	41.0
SYSMCTGKF	150456	51.0
SYSMCTGKF	693587	36.0
SYSMCTGKF	184412	26.0
SYYSLLMPI	141227	26.0
TAGPWHLGK	150259	47.0
TALALLLLD	19442	33.0
TALALLLLD	16979	24.0
TALALLLLD	1074903	34.0
TANPKTPKY	154346	25.0
TANPKTPKY	1333885	23.0
TANPKTPKY	1334431	23.0
TCDGTTFIY	1311195	48.0
TCDGTTFIY	25677	22.0
TCDGTTFIY	27285	28.0
TCDGTTFTY	26273	23.0
TCDGTTFTY	193441	23.0
TCDGTTFTY	71461	23.0
TCDGTTFTY	1143883	23.0
TCDGTTFTY	25677	22.0
TCDGTTFTY	1312574	23.0
TCDGTTFTY	1313778	23.0
TCDGTTFTY	27285	25.0
TCDGTTFTY	232152	22.0
TCDGTTFTY	1311195	54.0
TCDGTTFTY	1316124	20.0
TCDGTTFTY	1074910	23.0
TDDNALAYY	108001	29.0
TDDNALAYY	2244	29.0
TDDNALAYY	107877	29.0
TDDNALAYY	98603	20.0
TDDNALAYY	7122	49.0
TDDNALAYY	168691	29.0
TDDNALAYY	107733	29.0
TDDNALAYY	107862	29.0
TDDNALAYY	107863	29.0
TDDNALAYY	107734	29.0
TDDNALAYY	150649	26.0
TDDNALAYY	107735	29.0
TDDNALAYY	146396	29.0
TDDNALAYY	146397	29.0
TDDNALSYY	108001	26.0
TDDNALSYY	2244	26.0
TDDNALSYY	107877	26.0
TDDNALSYY	98603	22.0
TDDNALSYY	7122	46.0
TDDNALSYY	168691	26.0
TDDNALSYY	107733	26.0
TDDNALSYY	107862	26.0
TDDNALSYY	107735	26.0
TDDNALSYY	107734	26.0
TDDNALSYY	150649	23.0
TDDNALSYY	146396	26.0
TDDNALSYY	146397	26.0
TDDNALSYY	107863	26.0
TEVVGDIIL	1310793	22.0
TEVVGDIIL	1315907	22.0
TEVVGDIIL	1075044	22.0
TEVVGDIIL	540773	23.0
TFEYVSQPF	1316355	44.0
TFEYVSQPF	1310820	49.0
TFEYVSQPF	1313194	49.0
TFEYVSQPF	1074869	49.0
TFEYVSQPF	1309110	49.0
TFFKLVNKF	189503	32.0
TFKVSIWNL	1310776	49.0
TFKVSIWNL	1322397	22.0
TFKVSIWNL	1074927	49.0
TFNGECPNF	957088	26.0
TFNGECPNF	1075129	22.0
TFNGECPNF	59502	27.0
TFTYASALW	18103	45.0
TGAIKLDDK	1313778	28.0
TGAIKLDDK	1143883	34.0
TGAIKLDDK	1312709	30.0
TIADYNYKL	6636	26.0
TIADYNYKL	779949	24.0
TIADYNYKL	779921	25.0
TIADYNYKL	1314137	26.0
TIADYNYKL	10939	24.0
TIADYNYKL	1075039	43.0
TICAPLTVF	79180	26.0
TIDLDPVIY	180789	34.0
TIIQTIVEV	1066504	22.0
TILTIIGLI	180563	20.0
TIMAAILAY	150224	41.0
TIMAAILAY	180818	27.0
TISLAGSYK	1318946	38.0
TITEEIAVQ	1125209	26.0
TITEEIAVQ	1125210	26.0
TITEEIAVQ	1065506	27.0
TITEEIAVQ	1125212	24.0
TIVEVQPQL	1315599	25.0
TIWFLLLSV	40784	22.0
TKWTDIPYL	993368	25.0
TKWTDIPYL	993505	25.0
TKWTDIPYL	34616	25.0
TLACFVLAA	1074889	44.0
TLACFVLAA	11956	24.0
TLACFVLAA	64710	44.0
TLADAGFIK	549252	32.0
TLGVLVPHV	580072	30.0
TLGVLVPHV	154409	25.0
TLGVYDYLV	1075076	47.0
TLKGGAPTK	66567	28.0
TLKGGAPTK	60330	28.0
TLKGGAPTK	914351	24.0
TLKGGAPTK	14427	24.0
TLKGGAPTK	914430	28.0
TLKKRWQLA	1324282	35.0
TLKKRWQLA	1074942	48.0
TLKSFTVEK	1075045	43.0
TLLVAVSFV	180735	30.0
TLMAAILAY	150224	39.0
TLMAAILAY	180818	28.0
TLSEQLDFI	1065505	24.0
TLSEQLDFI	1125206	22.0
TLVPQEHYV	16772	25.0
TLYAVATTF	150639	44.0
TLYAVATTI	150639	38.0
TLYAVATTV	150639	38.0
TMADLVYAL	24466	18.0
TMADLVYAL	1087406	18.0
TMADLVYAL	1075126	43.0
TMMDLVYAL	1075126	38.0
TMMDLVYAM	1075126	36.0
TPEGIIPAL	185125	46.0
TPEGIIPAL	35237	46.0
TPEGIIPAL	35238	41.0
TPEGIIPAL	180778	42.0
TPEGIIPAL	65550	41.0
TPEGIIPAL	180850	42.0
TPEGIIPAL	150643	46.0
TPEGIIPAL	150644	41.0
TPEGIIPAL	180407	41.0
TPEGIIPSM	185125	41.0
TPEGIIPSM	35238	47.0
TPEGIIPSM	35237	41.0
TPEGIIPSM	180778	41.0
TPEGIIPSM	65550	47.0
TPEGIIPSM	180850	41.0
TPEGIIPSM	150643	41.0
TPEGIIPSM	150644	47.0
TPEGIIPSM	180407	47.0
TPEGIIPTL	185125	42.0
TPEGIIPTL	35238	41.0
TPEGIIPTL	35237	42.0
TPEGIIPTL	180778	47.0
TPEGIIPTL	65550	41.0
TPEGIIPTL	180850	47.0
TPEGIIPTL	150643	42.0
TPEGIIPTL	150644	41.0
TPEGIIPTL	180407	41.0
TPFGQQRVF	180643	49.0
TPFGQQRVF	754814	46.0
TPKGAVMDI	957058	24.0
TPKGAVMDI	107754	22.0
TPKYKFVRI	65497	17.0
TPKYKFVRI	146219	17.0
TPKYKFVRI	65494	17.0
TPNLAERVF	1332510	22.0
TPPGATDPF	116289	49.0
TPPGATDPF	952357	25.0
TPPGSRDPF	72928	26.0
TPPGSRDPF	116289	44.0
TPPGSRDPF	48915	23.0
TPPGSRDPF	61832	26.0
TPPGTRDAF	61832	30.0
TPPGTRDAF	116289	40.0
TPPGTRDAF	72928	25.0
TPQDNQLAY	26273	20.0
TPQDNQLAY	193441	20.0
TPQDNQLAY	71461	20.0
TPQDNQLAY	1143883	20.0
TPQDNQLAY	1074910	20.0
TPQDNQLAY	52496	25.0
TPQDNQLAY	7122	26.0
TPQDNQLAY	1313778	20.0
TPQDNQLAY	150649	49.0
TPQDNQLAY	1312574	20.0
TPQDNQLTY	26273	25.0
TPQDNQLTY	193441	25.0
TPQDNQLTY	71461	25.0
TPQDNQLTY	1143883	25.0
TPQDNQLTY	1312574	25.0
TPQDNQLTY	1313778	25.0
TPQDNQLTY	7122	22.0
TPQDNQLTY	150649	45.0
TPQDNQLTY	1074910	25.0
TPRDLGACI	1074952	21.0
TPRDLGACI	32069	20.0
TPRGTVMDI	957058	21.0
TPRMCTREE	180483	51.0
TPRMCTREE	419048	44.0
TPRMCTREE	180684	43.0
TPRMCTREE	62903	32.0
TPRMCTREE	180728	43.0
TPRMCTREE	180571	42.0
TPRMCTREE	180572	43.0
TPRMCTREE	150655	51.0
TPRSPSVEV	910351	24.0
TPRSPSVEV	141231	23.0
TPSGTWLIY	193441	48.0
TPSGTWLIY	26273	48.0
TPSGTWLIY	116835	23.0
TPSGTWLIY	46243	22.0
TPSGTWLIY	71461	48.0
TPSGTWLIY	1143883	48.0
TPSGTWLIY	1074910	48.0
TPSGTWLIY	1313778	48.0
TPSGTWLIY	190494	42.0
TPSGTWLIY	42648	42.0
TPSGTWLIY	68601	22.0
TPSGTWLIY	1312574	48.0
TPSGTWLIY	1074911	38.0
TPSGTWLTY	26273	54.0
TPSGTWLTY	193441	54.0
TPSGTWLTY	116835	23.0
TPSGTWLTY	46243	22.0
TPSGTWLTY	71461	54.0
TPSGTWLTY	1143883	54.0
TPSGTWLTY	1312574	54.0
TPSGTWLTY	1313778	54.0
TPSGTWLTY	190494	42.0
TPSGTWLTY	42648	42.0
TPSGTWLTY	150649	20.0
TPSGTWLTY	1311195	23.0
TPSGTWLTY	68601	22.0
TPSGTWLTY	1074910	54.0
TPSGTWLTY	1074911	38.0
TPVHSWEDI	62977	32.0
TPVHSWEDI	65654	24.0
TPVHSWEDI	580281	30.0
TPVHSWEDI	4156	32.0
TPVHSWEDI	580221	30.0
TPVHSWEDI	36062	24.0
TPVVQTIEV	1321779	34.0
TPVVQTIEV	97044	30.0
TPVVQTIEV	149037	26.0
TPYGQQRVF	180643	46.0
TPYGQQRVF	754814	50.0
TQDLFLPFF	1075065	49.0
TQDLFLPFF	1075107	25.0
TQMNLKYAI	186551	26.0
TQWSLFFFL	39591	22.0
TQWSLFFFL	9414	19.0
TQWSLFFFL	9415	19.0
TRFASVYAW	1074885	35.0
TRFASVYAW	1323761	45.0
TRFASVYAW	1316109	35.0
TRFQTLLAL	1074872	30.0
TRFQTLLAL	1322395	30.0
TSDPTTFHL	1333885	33.0
TSDPTTFHL	1334431	45.0
TSFGPLVRK	17354	32.0
TSGSPIIDK	22817	40.0
TSGSPIIDK	22818	45.0
TSGSPIIDK	22819	45.0
TSGSPIIDK	22820	37.0
TSGSPIIDK	22822	37.0
TSGSPIIDK	22823	44.0
TSGSPIIDK	22824	41.0
TSGSPIIDK	22825	36.0
TSGSPIIDK	17802	45.0
TSGSPIIDK	5542	30.0
TSGSPIIDK	64489	27.0
TSGSPIIDK	180750	45.0
TSGSPIIDK	733874	33.0
TSGSPIIDK	733875	33.0
TSGSPIIDK	71322	21.0
TSKKRSWPL	539924	23.0
TSNEVAVLY	1322706	40.0
TSNPTTFHL	1334431	50.0
TSNPTTFHL	154346	22.0
TSNPTTFHL	32268	26.0
TSNPTTFHL	1333885	38.0
TSNPTTFHL	135263	26.0
TSNQVAVLY	1322706	43.0
TSNSFDVLK	1319904	39.0
TSQWLTNIF	38724	27.0
TSRTLSYYK	1310529	46.0
TSRTLSYYK	66952	34.0
TSRTLSYYK	1075083	46.0
TSRTLSYYK	1315000	46.0
TSRTLSYYK	1334141	41.0
TSRTLSYYK	5150	46.0
TTEELPDEF	1074952	26.0
TTEELPDEF	116289	24.0
TTEELPDEF	32069	26.0
TTEELPDEF	1331655	33.0
TTERGGKAY	914432	23.0
TTERGGKAY	914402	23.0
TTERGGKAY	60331	23.0
TTERGGKAY	914412	23.0
TTERGGKAY	914431	23.0
TTERGGRAY	914432	23.0
TTERGGRAY	914402	23.0
TTERGGRAY	60331	23.0
TTERGGRAY	914412	26.0
TTERGGRAY	914431	23.0
TTFITPMLR	164403	27.0
TTFITPMLR	1075063	21.0
TTFSLHYAW	183252	44.0
TTFVTPMLR	164403	28.0
TTFVTPMLR	1075063	21.0
TTIAKNTVK	1321988	38.0
TTIKPVTYK	1328829	42.0
TTIKPVTYK	288104	25.0
TTIKPVTYK	1319431	42.0
TTIKPVTYK	52760	29.0
TTIKPVTYK	70365	29.0
TTLPKGFYA	549252	24.0
TTLPKGFYA	31997	23.0
TTLPKGFYA	1075095	49.0
TTMFGGVSW	95937	26.0
TTMFGGVSW	1325795	26.0
TTMFGGVSW	55881	37.0
TTMFGGVSW	146249	29.0
TTMFGGVSW	52652	22.0
TTMFGGVSW	59088	37.0
TTNIWLKLK	180496	49.0
TTNIWLKLK	184804	38.0
TTRTQLPPA	1087385	29.0
TVAYFNMVY	149052	30.0
TVIEVQGYK	1066486	18.0
TVIEVQGYK	1315599	45.0
TVKPGNFNK	52658	50.0
TVKPGNFNK	95261	25.0
TVKPGNFNK	95262	25.0
TVLSFCAFA	1075084	46.0
TVNPIVTEK	1316113	24.0
TVNPIVTEK	591739	34.0
TVSCLPFTI	1074912	48.0
TVWFVPSIK	910635	41.0
TVWFVPSIK	183223	37.0
TVYEKLKPV	1327418	24.0
TVYEKLKPV	1075085	29.0
TVYSHLLLV	67503	23.0
TVYSHLLLV	1074899	44.0
TVYSHLLLV	922867	28.0
TVYSHLLLV	18678	24.0
TVYSHLLLV	36062	24.0
TWLTYTGAI	580547	24.0
TWLTYTGAI	538954	25.0
TWLTYTGAI	538955	26.0
TWLTYTGAI	1143883	51.0
TWLTYTGAI	62731	24.0
TWLTYTGAI	580592	24.0
TWLTYTGAI	1313778	51.0
TWLTYTGAI	1312574	43.0
TYACWHHSI	140760	22.0
TYASALWEI	1333435	32.0
TYASALWEI	18103	48.0
TYGWNIVKL	180675	47.0
TYGWNIVKL	150308	37.0
TYGWNIVKL	150309	37.0
TYGWNIVKL	539595	33.0
TYGWNLVKL	180675	49.0
TYGWNLVKL	150308	39.0
TYGWNLVKL	150309	39.0
TYGWNLVKL	539595	35.0
TYHGAIKLD	538955	24.0
TYHGAIKLD	1313778	33.0
TYHGAIKLD	1143883	39.0
TYHGAIKLD	538954	23.0
TYIKWPWWV	1075120	50.0
TYIKWPWWV	1323673	50.0
TYIKWPWWV	18103	16.0
TYIKWPWWV	74407	27.0
TYKPNTWCI	141218	32.0
TYKPNTWCI	1074927	22.0
TYKPNTWCI	767407	21.0
TYKPNTWCI	540017	20.0
TYKPNTWCI	18103	18.0
TYKPNTWCI	62616	31.0
TYKPNTWCI	1310776	22.0
TYKPNTWCI	1322397	46.0
VAAGLEAPF	1074908	32.0
VAAGLEAPF	1314132	40.0
VAANEMGLI	1327993	20.0
VAKSHNIAL	1314369	39.0
VARDLSLQF	653699	26.0
VARDLSLQF	1316086	42.0
VASQSIIAY	1325128	40.0
VASQSIIAY	1075041	40.0
VASSGMLWM	182508	28.0
VATSRTLSY	1310529	42.0
VATSRTLSY	26759	27.0
VATSRTLSY	66952	42.0
VATSRTLSY	1075083	42.0
VATSRTLSY	1315000	38.0
VATSRTLSY	1334141	42.0
VATSRTLSY	5150	38.0
VATTFVTPM	164403	24.0
VATTFVTPM	1075063	22.0
VATTFVTPM	150639	28.0
VENMTPRDL	57438	27.0
VENMTPRDL	294287	23.0
VENPDILRV	1317113	45.0
VENPDILRV	1326306	45.0
VENPDILRV	101812	26.0
VENPDILRV	101813	26.0
VFAQVKQIY	1075019	44.0
VFAQVKQIY	1316108	44.0
VFAQVKQIY	1323207	44.0
VFKNIDGYF	150571	21.0
VFKNIDGYF	1332509	40.0
VFLVLLPLV	580298	25.0
VFLVLLPLV	1192692	24.0
VFLVLWPLV	79337	25.0
VFRKRNLTI	767155	20.0
VFVSNGTHW	1075025	54.0
VFVSNGTHW	1317875	54.0
VFVSNGTHW	68601	23.0
VFVSNGTHW	1326455	54.0
VGGNYNYLY	159136	32.0
VGGNYNYLY	94946	20.0
VGGNYNYLY	1075012	37.0
VGGNYNYLY	1320009	53.0
VGGNYNYLY	1315542	42.0
VGYLQPRTF	1075131	49.0
VGYLQPRTF	1317916	45.0
VGYLQPRTF	1329031	49.0
VGYQPYRVV	1323467	32.0
VGYQPYRVV	1074918	45.0
VGYQPYRVV	51999	32.0
VIDLDPIPY	74288	22.0
VIDLDPIPY	180789	49.0
VIDLDPIPY	76334	23.0
VIDLEPIPY	538950	25.0
VIDLEPIPY	538956	25.0
VIDLEPIPY	76334	25.0
VIDLEPIPY	74288	24.0
VIDLEPIPY	180789	45.0
VIDLEPISY	74288	24.0
VIDLEPISY	180789	37.0
VIDLEPISY	76334	25.0
VIDPRRCLK	185200	33.0
VIDPRRCLK	150556	49.0
VIDPRRCLK	56310	47.0
VINGDRWFL	95280	25.0
VINGDRWFL	37607	28.0
VINGDRWFL	95278	21.0
VINGDRWFL	1326455	30.0
VKNGSIHLY	1327233	48.0
VKNGSIHLY	1326022	48.0
VLAWLYAAV	37351	24.0
VLHDIGNPK	72038	21.0
VLKGVKLHY	57592	32.0
VLMMRTTWA	870850	24.0
VLMMRTTWA	184453	42.0
VLNDILARL	1075066	38.0
VLNDILSRL	1075066	41.0
VLNEKCSAY	103322	25.0
VLNEKCSAY	37611	21.0
VLNEKCSAY	1313394	21.0
VLNPYMPSV	903398	27.0
VLNPYMPSV	180681	24.0
VLNPYMPSV	1338442	26.0
VLNPYMPSV	179499	27.0
VLNPYMPSV	1338540	30.0
VLNPYMPSV	1338539	27.0
VLNPYMPSV	1338538	26.0
VLNPYMPSV	47854	22.0
VLNPYMPSV	27345	27.0
VLNPYMPSV	79572	30.0
VLNPYMPSV	1338677	26.0
VLNPYMPSV	1338711	24.0
VLNPYMPTV	68229	27.0
VLNPYMPTV	903398	27.0
VLNPYMPTV	1338442	26.0
VLNPYMPTV	179499	27.0
VLNPYMPTV	1338540	30.0
VLNPYMPTV	1338539	27.0
VLNPYMPTV	1338538	26.0
VLNPYMPTV	47854	22.0
VLNPYMPTV	27345	27.0
VLNPYMPTV	79572	30.0
VLNPYMPTV	1338677	26.0
VLNPYMPTV	1338711	24.0
VLQVRDVLV	910301	24.0
VLSFCAFAV	1075084	45.0
VLSFELLHA	1333520	35.0
VLSFELLHA	1313517	43.0
VLSLVENWL	180774	43.0
VLSLVENWL	181035	20.0
VLSLVENWL	181036	20.0
VLSLVENWL	69750	24.0
VLSLVENWL	69751	23.0
VLSLVENWL	69753	22.0
VLSTFISAA	1333952	27.0
VLTESNKKF	1325421	36.0
VLVPHVGEI	69076	18.0
VLVPHVGEI	1075101	38.0
VLWAHGFEL	72721	26.0
VLWAHGFEL	101645	26.0
VLWAHGFEL	9414	28.0
VLWAHGFEL	9415	28.0
VLWEGGHDL	180440	27.0
VLWEGGHDL	36717	26.0
VLYENQKLI	1327923	36.0
VMAFIAFLR	184835	33.0
VMAVGLVSI	183779	36.0
VMAVGLVSI	98757	22.0
VMCGGSLYV	42972	49.0
VMHANYIFW	1323760	34.0
VMHANYIFW	24390	22.0
VMLLVLCAV	184439	24.0
VMLLVLCAV	150445	29.0
VMLLVLCAV	49831	27.0
VMPLSAPTL	190596	25.0
VMPLSAPTL	423061	24.0
VMPLSAPTL	51532	24.0
VPFWITIAY	1323266	25.0
VPFWITIAY	1074986	25.0
VPHVGEIPV	131096	27.0
VPHVGEIPV	1075101	49.0
VPLLAIGCY	958589	28.0
VPLLAMGCY	102376	22.0
VPLLAMGCY	958589	25.0
VPLLMIGCY	958589	30.0
VPMAGPLVA	180531	40.0
VPMAGPLVA	67596	22.0
VPMAGPLVA	148397	16.0
VPMAGPLVA	22910	22.0
VPMEKLKTL	54706	26.0
VPMEKLKTL	1075063	35.0
VPMSTYGWN	102368	23.0
VPMSTYGWN	180675	44.0
VPMSTYGWN	150308	51.0
VPMSTYGWN	150309	54.0
VPMSTYGWN	66567	23.0
VPMSTYGWN	1323761	28.0
VPMVTQMAM	161186	30.0
VPNYNLIIM	116289	42.0
VPNYNLIIM	1332673	24.0
VPNYNLIIM	185741	32.0
VPNYNLIVM	116289	43.0
VPNYNLIVM	1332673	24.0
VPNYNLIVM	185741	32.0
VPNYNLYIM	957088	30.0
VPNYNLYIM	116289	45.0
VPNYNLYIM	1332673	30.0
VPNYNLYIM	185741	32.0
VPNYNMIIM	116289	40.0
VPNYNMIIM	1332673	24.0
VPNYNMIIM	185741	35.0
VPQEHYVRI	146219	18.0
VPQEHYVRI	137611	22.0
VPQEHYVRI	146194	18.0
VPQEHYVRI	65494	18.0
VPQEHYVRI	65497	18.0
VPRTDNITL	168240	23.0
VPYFNMVYM	1316333	17.0
VPYFNMVYM	1075093	17.0
VQMAPISAM	1311576	42.0
VRETMSYLF	1317331	45.0
VRETMSYLF	1332615	35.0
VRFPNITNL	1310745	47.0
VRFPNITNL	1075108	47.0
VRFPNITNL	1323786	43.0
VRFPNITNL	1325420	47.0
VRIIMRLWL	1074908	27.0
VRIQPGQTF	1323919	20.0
VRIQPGQTF	71266	27.0
VRIQPGQTF	1074971	20.0
VRIQPGQTF	20415	27.0
VRNLQHRLY	1327233	16.0
VRNLQHRLY	1326022	16.0
VSDGTHWFV	1075025	39.0
VSDGTHWFV	1317875	39.0
VSDGTHWFV	1326455	45.0
VSGVFPYSI	180538	34.0
VSGVFPYSI	3610	22.0
VSGVFPYSI	419005	28.0
VSLFPLCLS	923030	26.0
VSTVQQLTK	186354	28.0
VTAKWLWGF	119822	26.0
VTAKWLWGF	62903	52.0
VTARWLWGF	62903	49.0
VTDFKGKTV	183223	25.0
VTDTPKGPK	66106	26.0
VTDTPKGPK	23883	26.0
VTDTPKGPK	4668	26.0
VTLACFVLA	1074889	44.0
VTLACFVLA	11956	24.0
VTLACFVLA	64710	40.0
VTNNTFTLK	15233	26.0
VTNNTFTLK	15234	26.0
VTWFHAIHV	1074888	42.0
VTWFHAIHV	57790	26.0
VTWFHAIHV	79390	23.0
VTWFHAISG	1074888	42.0
VTYECPLLV	42897	27.0
VTYVPAQEK	1318209	46.0
VTYVPAQEK	1334122	42.0
VTYVPAQEK	1074925	46.0
VVAIDYKHY	927171	23.0
VVAIDYKHY	101766	23.0
VVAIDYKHY	1064217	22.0
VVAIDYKHY	1075018	28.0
VVAIDYKHY	5295	23.0
VVAIDYKHY	1315631	49.0
VVAIDYKHY	1064370	22.0
VVAIDYKHY	538809	22.0
VVASETAEA	116289	30.0
VVCTEIDPK	1331147	41.0
VVCTEIDPK	1325414	32.0
VVFLHVTYV	1074847	46.0
VVQHENLKY	186551	29.0
VVQPENLEY	693593	42.0
VVQPENLEY	189799	22.0
VVQYENLKY	32738	27.0
VVQYENLKY	186551	34.0
VVRPPFNML	25756	29.0
VVSTGYHFR	1317143	49.0
VVVNAANVY	1332673	18.0
VVYDAKFEK	180789	29.0
VVYRAFDIY	59787	24.0
VYANGGKGF	1314028	22.0
VYANGGKGF	75438	24.0
VYANGGKGF	873453	25.0
VYANGGKGF	1328886	50.0
VYAWNRKRI	1323761	37.0
VYAWNRKRI	1327895	47.0
VYDPLQPEL	1327418	49.0
VYDPLQPEL	70491	22.0
VYDPLQPEL	1075085	49.0
VYDPLQPEL	54342	30.0
VYFLQSINF	1074908	46.0
VYIGDPAQL	65810	25.0
VYMPASWVM	27878	24.0
VYSTGSNVF	1075112	46.0
VYSTGSNVF	1325105	35.0
VYSTGSNVF	102368	22.0
VYSTGSNVF	1324117	46.0
VYSVIYLYL	1075107	21.0
VYSVIYLYL	79351	22.0
VYYPDKVFR	1075113	51.0
VYYPDKVFR	28594	28.0
VYYPDKVFR	51643	28.0
VYYPDKVFR	1327741	46.0
VYYPDKVFR	1317887	51.0
WALCESITL	180387	26.0
WALCEVLTL	180387	27.0
WATNVQVAI	1066501	21.0
WATNVQVAI	5213	32.0
WAYHGSYEA	180582	52.0
WAYHGSYEA	72563	52.0
WAYHGSYEA	754679	47.0
WAYHGSYEA	59604	22.0
WAYHGSYEA	957079	22.0
WAYHGSYEA	91163	25.0
WAYHGSYET	180582	57.0
WAYHGSYET	72563	52.0
WAYHGSYET	754679	47.0
WAYHGSYET	59604	22.0
WAYHGSYET	957079	22.0
WAYHGSYET	91163	25.0
WAYHGSYEV	180582	52.0
WAYHGSYEV	72563	56.0
WAYHGSYEV	754679	47.0
WAYHGSYEV	59604	23.0
WAYHGSYEV	957079	23.0
WAYHGSYEV	91163	26.0
WENNIKLTV	137724	26.0
WEPEFYEAM	140769	24.0
WEPEFYEAM	9415	26.0
WEPEFYEAM	9414	26.0
WEPEFYEAM	27983	23.0
WFFSNYLKR	910185	23.0
WHYDQDHPY	72563	55.0
WHYDQDHPY	186550	35.0
WHYDQDHPY	180758	65.0
WILYAVATT	150639	33.0
WKYPQVNGL	27195	22.0
WKYPQVNGL	1328459	39.0
WLGFIAGLI	957111	25.0
WLGFIAGLI	957098	25.0
WLGFIAGLI	494095	28.0
WLIVGVALL	952186	27.0
WLIVGVALL	1074943	30.0
WLLWPVTLA	1074889	54.0
WLMWLIINL	1074889	28.0
WLMWLIINL	74387	23.0
WLMWLIINL	39591	23.0
WLSYFIASF	39591	30.0
WLSYFIASF	1310831	35.0
WLSYFIASF	1315219	50.0
WLSYFIASF	435417	23.0
WLSYFIASF	1075069	35.0
WLTYHGAIK	538954	25.0
WLTYHGAIK	538955	26.0
WLTYHGAIK	1143883	44.0
WLTYHGAIK	72721	25.0
WLTYHGAIK	1313778	44.0
WLTYHGAIK	1312574	31.0
WLTYTGAIK	580547	24.0
WLTYTGAIK	538954	25.0
WLTYTGAIK	538955	26.0
WLTYTGAIK	1143883	51.0
WLTYTGAIK	62731	24.0
WLTYTGAIK	580592	24.0
WLTYTGAIK	1313778	51.0
WLTYTGAIK	1312574	38.0
WLVHKQWFL	539682	26.0
WLVHKQWFL	693603	51.0
WLVHKQWFL	15787	20.0
WLVHKQWFL	72621	26.0
WLVHKQWFL	141262	23.0
WLVHKQWFL	780214	25.0
WLVHKQWFL	41407	55.0
WLVHRQWFL	539682	26.0
WLVHRQWFL	693603	48.0
WLVHRQWFL	15787	20.0
WLVHRQWFL	72621	26.0
WLVHRQWFL	141262	23.0
WLVHRQWFL	780214	25.0
WLVHRQWFL	41407	58.0
WMESEFRVY	1074961	52.0
WMESEFRVY	1313211	52.0
WMESEFRVY	1325190	52.0
WMVMFTPLV	72794	24.0
WMVMFTPLV	903398	26.0
WPVTLACFV	1074889	54.0
WPVTLACFV	64710	32.0
WPWYIWLGF	779949	22.0
WPWYIWLGF	75448	22.0
WPWYIWLGF	1323673	51.0
WPWYIWLGF	1074875	22.0
WPWYIWLGF	10939	22.0
WSIHAHHQW	23288	24.0
WSIHAHHQW	1315207	23.0
WSMATYYLF	1074875	23.0
WTAGAAAYY	179866	23.0
WTAGAAAYY	179795	30.0
WTAGAAAYY	1075117	52.0
WTEAKMLLD	910633	23.0
WTEAKMLLD	30266	23.0
WTMKILIGV	186470	34.0
WTMKILIGV	72269	25.0
WTMKILIGV	183793	24.0
WTMKILIGV	180563	27.0
WTMKILIGV	185817	31.0
WTMKILIGV	186524	39.0
WVLNNDYYR	164420	23.0
WYIWLGFIA	1074875	24.0
WYIWLGFIA	76532	16.0
WYMWLGARF	190488	21.0
YADVFHLYL	957083	23.0
YADVFHLYL	50727	46.0
YAKPFLNKV	155999	22.0
YAMCLNTFV	131132	20.0
YAMCTNTFV	150456	32.0
YANRNRFLY	1074985	50.0
YANRNRFLY	1323210	50.0
YANRNRFLY	1310685	39.0
YAQMWQLMY	180579	48.0
YAQMWQLMY	180828	48.0
YAQMWQLMY	180077	29.0
YAQMWQLMY	39591	22.0
YAQMWQLLY	180579	45.0
YAQMWQLLY	1074985	18.0
YAQMWQLLY	1323210	18.0
YAQMWQLLY	180077	29.0
YAQMWQLLY	180828	45.0
YAQMWSLMY	180579	52.0
YAQMWSLMY	180828	52.0
YAQMWSLMY	180077	30.0
YAQMWTLMY	180579	49.0
YAQMWTLMY	180828	49.0
YAQMWTLMY	180077	29.0
YAQMWTLMY	39591	22.0
YASAVVLLI	18062	27.0
YENFNQHEV	957088	30.0
YENLKYSVI	186551	46.0
YEQYIKWPW	1075120	62.0
YEQYIKWPW	1323673	50.0
YEQYIKWPW	59162	44.0
YFIASFRLF	1310831	46.0
YFIASFRLF	1315219	31.0
YFIASFRLF	435417	23.0
YFIASFRLF	1310394	39.0
YFIASFRLF	1075069	46.0
YFIKGLNNL	1334374	48.0
YFLQSINFV	1074908	46.0
YFPLQSYGF	539595	25.0
YFPLQSYSF	1074996	21.0
YFPLRSYSF	1074996	21.0
YFQPRTFLL	1075131	43.0
YFQPRTFLL	1317916	43.0
YFQPRTFLL	1329031	35.0
YFTSDYYQL	1309146	51.0
YFTSDYYQL	1309122	51.0
YFTSDYYQL	1075092	51.0
YFTSDYYQL	1327990	51.0
YGFQPTNGV	833586	22.0
YGFQPTNGV	922903	22.0
YHGAIKLDD	1313778	28.0
YHGAIKLDD	1143883	34.0
YHGAIKLDD	539092	22.0
YIATNGPLK	691371	30.0
YIDIGDYTV	16548	26.0
YIDIGNYTV	16548	27.0
YIFFASFYY	54961	44.0
YIFFASFYY	741890	23.0
YIFFASFYY	957124	27.0
YIFFASFYY	1074863	32.0
YIKWPWYIW	903398	22.0
YIKWPWYIW	74407	28.0
YIKWPWYIW	779949	22.0
YIKWPWYIW	1075120	56.0
YIKWPWYIW	143728	25.0
YIKWPWYIW	190577	22.0
YIKWPWYIW	75448	22.0
YIKWPWYIW	1323673	67.0
YIKWPWYIW	10939	22.0
YIKWPWYIW	190556	22.0
YIKWPWYIW	68605	21.0
YILFTRFFY	1315120	37.0
YILFTRFFY	1074863	50.0
YINVFAFPF	1074996	50.0
YIWLGFIAG	120187	19.0
YIWLGFIAG	494095	24.0
YLAGAGLAF	67596	22.0
YLAGAGLAF	22910	22.0
YLASGGQPI	108175	23.0
YLASGGQPI	194567	28.0
YLAVFDKNL	1330429	35.0
YLAVFDKNL	62127	20.0
YLFDESGEF	1311238	49.0
YLGGMSYYC	59088	23.0
YLGGMSYYC	55881	23.0
YLGGMSYYC	8554	18.0
YLGGMSYYC	20417	23.0
YLITPVHVM	1328240	43.0
YLKLTDNVY	1075123	48.0
YLKLTDNVY	1087357	22.0
YLKPRTFML	1075131	41.0
YLKPRTFML	1317916	41.0
YLKPRTFML	1329031	35.0
YLNSTNVTI	1322636	34.0
YLPAIVREA	180575	44.0
YLQLRTFLL	1075131	37.0
YLQLRTFLL	1317916	37.0
YLQLRTFLL	1329031	29.0
YLQPRIFLL	1075131	41.0
YLQPRIFLL	1317916	41.0
YLQPRIFLL	1329031	33.0
YLQPRTFLL	1075131	47.0
YLQPRTFLL	1317916	47.0
YLQPRTFLL	1329031	39.0
YLQPSTFLL	1075131	41.0
YLQPSTFLL	1317916	41.0
YLQPSTFLL	1329031	33.0
YLQQRTFLL	1075131	39.0
YLQQRTFLL	1317916	39.0
YLQQRTFLL	1329031	31.0
YLRKHFSMM	1334335	35.0
YLRPRTFLL	1075131	43.0
YLRPRTFLL	1317916	43.0
YLRPRTFLL	1329031	35.0
YLTNDVSFL	1075072	46.0
YLTNDVSFL	1074924	23.0
YLTNDVSFL	1318192	23.0
YLTNDVSFL	1328339	46.0
YLTNDVSFL	1325944	23.0
YLTNDVSFL	1310872	23.0
YLYALVYFL	1074908	47.0
YMDYMPVMK	180681	39.0
YMDYMPVMK	549263	23.0
YMHHMELPT	1334376	54.0
YMHHMELPT	65497	18.0
YMPSVVETL	180668	29.0
YMPSVVETL	540156	32.0
YMPTVIEHL	79308	23.0
YMPTVIEHL	423053	24.0
YMPTVIEHL	40253	20.0
YMPTVIEHL	180668	27.0
YMPTVIEHL	540156	32.0
YMPYFFTLL	1321993	44.0
YMPYIFTLL	1321993	38.0
YMRSLKVPA	15787	17.0
YMSALNHTK	1322019	41.0
YMWLGARFL	190488	21.0
YNSASFSTF	1075125	46.0
YNYLYRLFR	1075012	51.0
YNYLYRLFR	189799	23.0
YPKTKLTDW	435608	27.0
YPKTKLTDW	180843	55.0
YPKTKLTDW	1562165	27.0
YPLAIPVTM	423016	30.0
YPLAIPVTM	180538	31.0
YPLSIPATL	180538	30.0
YPMSIPATL	180538	30.0
YPYPDVSRI	96257	23.0
YPYPDVSRI	1330660	38.0
YPYPDVSRI	13638	23.0
YPYPDVSRI	47017	23.0
YPYPDVSRI	1327568	38.0
YPYPDVSRI	1328306	38.0
YPYPDVSRI	1315705	38.0
YPYPDVSRI	137726	18.0
YPYPDVSRI	38783	38.0
YQGKTVWFV	538977	24.0
YQGKTVWFV	538978	24.0
YQGKTVWFV	67245	24.0
YQGKTVWFV	183223	43.0
YQGKTVWFV	1576572	21.0
YQGKTVWFV	1576573	21.0
YQPYRVVVL	1323467	40.0
YQPYRVVVL	1074918	47.0
YQPYRVVVL	51999	40.0
YQVNGYPNM	1087403	28.0
YRGTTTYKL	71917	40.0
YRGTTTYKL	71918	45.0
YRYNLPTMC	1334400	46.0
YRYNLPTMC	51104	24.0
YRYNLPTMC	27586	24.0
YRYNLPTMC	164805	27.0
YRYNLPTMC	110184	27.0
YRYNLPTMC	140717	24.0
YRYNLPTMC	133650	24.0
YRYNLPTMC	189755	29.0
YSDPLALKE	957098	21.0
YSDPLALKE	186603	43.0
YSDPLALKE	180589	46.0
YSDPLALRE	186603	46.0
YSDPLALRE	180589	43.0
YSMCTGKFK	150456	47.0
YSMCTGKFK	693587	32.0
YSQVNPLTL	136826	41.0
YSQVNPLTL	182747	44.0
YSQVNPLTL	186550	23.0
YSSANNCTF	1310820	44.0
YSSANNCTF	1075111	51.0
YSSANNCTF	1327695	51.0
YSSANNCTF	1406353	22.0
YSSANNCTF	968922	22.0
YTDFSSEII	1074923	40.0
YTDRKWCFD	62564	44.0
YTDRKWCFD	180360	52.0
YTDRKWCFD	34605	54.0
YTDRKWCFD	46575	49.0
YTDRKWCFD	62616	44.0
YTDRKWCFD	27770	46.0
YTDYMPSMK	180681	51.0
YTDYMPSMK	16836	24.0
YTMADLVYA	1075126	46.0
YTNDKACPL	34605	22.0
YTNSFTRGV	1328804	48.0
YTPSKLIEY	1325832	41.0
YTPSKLIEY	232348	18.0
YTPSKLIEY	230029	25.0
YTQMCDHRL	76121	19.0
YTVELGTEV	1328800	28.0
YTVELGTEV	1074898	23.0
YTVELGTEV	1326302	33.0
YTVSCLPFT	1074912	51.0
YTVSCLPFT	1328829	21.0
YTVSCLPFT	1319431	21.0
YVDDSSLTI	1315196	39.0
YVDNSSLTI	1315196	44.0
YVFCTVNAL	183741	21.0
YVFHLYLQY	170049	19.0
YVFHLYLQY	15110	19.0
YVILTILTI	150753	32.0
YVLGRLITV	150753	20.0
YVLGRLITV	37317	19.0
YVLGRLITV	148619	19.0
YVLGRLITV	591739	25.0
YVLGRLITV	20988	19.0
YVMHANYIF	1323760	41.0
YVNTFSSTF	1315203	47.0
YVVDDPCPI	110467	22.0
YVVDDPCPI	1334148	43.0
YVVDDPCPI	911816	22.0
YVVDDPCPI	911887	22.0
YVVDDPCPI	110227	22.0
YVVDDPCPI	1075127	54.0
YVVIAILTV	150753	40.0
YVVIAILTV	51562	31.0
YVVIGLLFM	693576	25.0
YVWKSYVHV	1332015	38.0
YVWLGARFL	190488	21.0
YVYSRVKNL	1406394	42.0
YVYSRVKNL	1310429	46.0
YYHKNNKSW	693603	27.0
YYHKNNKSW	39590	24.0
YYHKNNKSW	39591	24.0
YYHKNNKSW	1597047	37.0
YYHKNNKSW	189503	20.0
YYHTTDPSF	116289	25.0
YYHTTDPSF	580317	26.0
YYHTTDPSF	1309129	20.0
YYHTTDPSF	1074924	41.0
YYHTTDPSF	1318192	41.0
YYHTTDPSF	107732	25.0
YYHTTDPSF	107925	25.0
YYHTTDPSF	11063	25.0
YYHTTDPSF	1325944	33.0
YYHTTDPSF	1310872	33.0
YYKLGASQR	1315000	42.0
YYKLGASQR	137726	23.0
YYKLGASQR	1310622	47.0
YYMATLKNV	186641	47.0
YYNKWPWYI	1075120	49.0
YYNKWPWYI	1323673	49.0
YYNKWPWYI	37607	24.0
YYNKWPWYI	74407	28.0
YYPSARIVY	952128	22.0
YYPSARIVY	952187	22.0
YYQLYSTQL	1331464	48.0
YYQLYSTQL	1309146	48.0
YYQLYSTQL	741890	23.0
YYRRATRRI	1075130	47.0
YYRYNLPTM	1334400	46.0
YYRYNLPTM	51104	24.0
YYRYNLPTM	27586	24.0
YYRYNLPTM	140717	24.0
YYRYNLPTM	133650	24.0
YYRYNLPTM	189755	29.0
YYTSNPTTF	1334431	52.0
YYTSNPTTF	580546	22.0
YYTSNPTTF	154346	24.0
YYTSNPTTF	32268	26.0
YYTSNPTTF	580654	22.0
YYTSNPTTF	580655	22.0
YYTSNPTTF	947122	22.0
YYTSNPTTF	1333885	52.0
YYTSNPTTF	135263	26.0
YYVGYLQPR	1075131	52.0
YYVGYLQPR	1317916	34.0
YYVGYLQPR	73862	20.0
YYVGYLQPR	1329031	52.0
YYVKWPWYV	1075120	54.0
YYVKWPWYV	1323673	54.0
YYVKWPWYV	74407	36.0
